Workbook
Name COURSES: 'Course List'!$A:$A

Sheet SCOREBOARD
D3: Sautering Irons | O3: HileDrivers | W3: Hide this and everything to the right.
D4: =if(and(sum(Q17,Q26,Q35,Q44,Q57,Q66,Q75,Q84,Q93,Q102,Q111,Q120,Q133,Q142,Q151,Q160,Q190)=41.5, sum(D17,D26,D35,D44,D57,D66,D75,D84,D93,D102,D111,D120,D133,D142,D151,D160,D190)=41.5), sum(D17,D26,D35,D44,D57,D66,D75,D84,D93,D102,D111,D120,D133,D142,D151,D160,D190)+D192, sum(D17,D26,D35,D44,D57,D66,D75,D84,D93,D102,D111,D120,D133,D142,D151,D160,D190)) -> 37 | O4: =if(and(sum(Q17,Q26,Q35,Q44,Q57,Q66,Q75,Q84,Q93,Q102,Q111,Q120,Q133,Q142,Q151,Q160,Q190)=41.5, sum(D17,D26,D35,D44,D57,D66,D75,D84,D93,D102,D111,D120,D133,D142,D151,D160,D190)=41.5), sum(Q17,Q26,Q35,Q44,Q57,Q66,Q75,Q84,Q93,Q102,Q111,Q120,Q133,Q142,Q151,Q160,Q190)+Q192, sum(Q17,Q26,Q35,Q44,Q57,Q66,Q75,Q84,Q93,Q102,Q111,Q120,Q133,Q142,Q151,Q160,Q190)) -> 46
C6: Takes 42 to Win | N6: =if(and(G4+O4>83, G4>O4),"<< Tie Breaker", if(and(G4+O4>83, G4<O4),"Tie Breaker >>","Pts Avail: "&83-D4-O4)) -> Pts Avail: 0
B10: ='Master Input'!E6 -> GVSU Meadows - Blue | L10: ='Master Input'!F6 -> 2-Man Best Ball
B11: Score Tracking: Match Status and Points
A13: =W14 -> R1_G1 | C13: Match 1 | K13: Thru | L13: =18-countif(AC15:AT15,"") -> 18 | Y13: Front | Z13: Back | AA13: Overall | AB13: Hole: | AC13: 1 | AD13: 2 | AE13: 3 | AF13: 4 | AG13: 5 | AH13: 6 | AI13: 7 | AJ13: 8 | AK13: 9 | AL13: 10 | AM13: 11 | AN13: 12 | AO13: 13 | AP13: 14 | AQ13: 15 | AR13: 16 | AS13: 17 | AT13: 18
C14: ='Match Selection'!G4 -> CuzNick | I14: Front | L14: Back | P14: ='Match Selection'!D4 -> TJSC | W14: R1_G1 | X14: Base Team | Y14: =if(L13=0,"",sum(AC15:AK15)) -> -7 | Z14: =if(L13<10,"",sum(AL15:AT15)) -> -1 | AA14: =if(L13<10,"",sum(AC15:AT15)) -> -8 | AB14: VLOOKUP REF: | AC14: 4 | AD14: 5 | AE14: 6 | AF14: 7 | AG14: 8 | AH14: 9 | AI14: 10 | AJ14: 11 | AK14: 12 | AL14: 16 | AM14: 17 | AN14: 18 | AO14: 19 | AP14: 20 | AQ14: 21 | AR14: 22 | AS14: 23 | AT14: 24
C15: ='Match Selection'!G5 -> Saugy | I15: =if(and(Y16>0,Y14<>0,Y14<>"",Y17=""),abs(Y14)&" UP", if(abs(AG17)>AG16,abs(AG17)&"&"&AG16, if(abs(AH17)>AH16,abs(AH17)&"&"&AH16, if(abs(AI17)>AI16,abs(AI17)&"&"&AI16, if(abs(AJ17)>AJ16,abs(AJ17)&"&"&AJ16, if(abs(AK17)>AK16,abs(AK17)&"&"&AK16,"AS")))))) -> 4&3 | L15: =if(and(Z16>0,Z14<>0,Z14<>"",Z17=""),abs(Z14)&" UP", if(abs(AP17)>AP16,abs(AP17)&"&"&AP16, if(abs(AQ17)>AQ16,abs(AQ17)&"&"&AQ16, if(abs(AR17)>AR16,abs(AR17)&"&"&AR16, if(abs(AS17)>AS16,abs(AS17)&"&"&AS16, if(abs(AT17)>AT16,abs(AT17)&"&"&AT16,"AS")))))) -> 2&1 | P15: ='Match Selection'!D5 -> Joe O | W15: =$L$10 -> 2-Man Best Ball | X15: Opposition | Y15: =if(L13=0,"",if(Y14=0,0,Y14*-1)) -> 7 | Z15: =if(L13<10,"",if(Z14=0,0,Z14*-1)) -> 1 | AA15: =if(L13<10,"",if(AA14=0,0,AA14*-1)) -> 8 | AB15: Hole Won/Lost: | AC15: =VLOOKUP("Match",indirect($W14&"!"&"$B$23:$y$23"),AC14) -> -1 | AD15: =VLOOKUP("Match",indirect($W14&"!"&"$B$23:$y$23"),AD14) -> -1 | AE15: =VLOOKUP("Match",indirect($W14&"!"&"$B$23:$y$23"),AE14) -> -1 | AF15: =VLOOKUP("Match",indirect($W14&"!"&"$B$23:$y$23"),AF14) -> -1 | AG15: =VLOOKUP("Match",indirect($W14&"!"&"$B$23:$y$23"),AG14) -> 1 | AH15: =VLOOKUP("Match",indirect($W14&"!"&"$B$23:$y$23"),AH14) -> -1 | AI15: =VLOOKUP("Match",indirect($W14&"!"&"$B$23:$y$23"),AI14) -> -1 | AJ15: =VLOOKUP("Match",indirect($W14&"!"&"$B$23:$y$23"),AJ14) -> -1 | ... AT15: =VLOOKUP("Match",indirect($W14&"!"&"$B$23:$y$23"),AT14) -> 1
D16: Points | J16: Overall | Q16: Points | X16: Holes Left | Y16: {=(countif(indirect(W14&"!"&"$E$19:$M$19"),""))} -> 0 | Z16: {=(countif(indirect(W14&"!"&"$Q$19:$Y$19"),""))} -> 0 | AA16: {=(countif(indirect(W14&"!"&"$E$19:$M$19"),"")) +(countif(indirect(W14&"!"&"$Q$19:$Y$19"),""))} -> 0 | AB16: Holes Left Front Back | AC16: 8 | AD16: 7 | AE16: 6 | AF16: 5 | AG16: 4 | AH16: 3 | AI16: 2 | AJ16: 1 | AK16: 0 | AL16: 8 | AM16: 7 | AN16: 6 | AO16: 5 | AP16: 4 | AQ16: 3 | AR16: 2 | AS16: 1 | AT16: 0
D17: =if(Y18="","",sum(Y18:AA18)) -> 4 | J17: =if(and(AA16>0,AA14<>0,AA14<>"",AA17=""),abs(AA14)&" UP", if(abs(AG19)>AG18,abs(AG19)&"&"&AG18, if(abs(AH19)>AH18,abs(AH19)&"&"&AH18, if(abs(AI19)>AI18,abs(AI19)&"&"&AI18, if(abs(AJ19)>AJ18,abs(AJ19)&"&"&AJ18, if(abs(AK19)>AK18,abs(AK19)&"&"&AK18, if(abs(AL19)>AL18,abs(AL19)&"&"&AL18, if(abs(AM19)>AM18,abs(AM19)&"&"&AM18, if(abs(AN19)>AN18,abs(AN19)&"&"&AN18, if(abs(AO19)>AO18,abs(AO19)&"&"&AO18, if(abs(AP19)>AP18,abs(AP19)&"&"&AP18, if(abs(AQ19)>AQ18,abs(AQ19)&"&"&AQ18, if(abs(AR19)>AR18,abs(AR19)&"&"&AR18, if(abs(AS19)>AS18,abs(AS19)&"&"&AS18, if(abs(AT19)>AT18,abs(AT19)&"&"&AT18, "AS"))))))))))))))) -> 7&6 | Q17: =if(Y17="","",sum(Y17:AA17)) -> 0 | X17: Base Team Pts | Y17: =if(Y14="","",if(or(Y14>Y16,Y15>Y16,and(Y14=0,Y16=0)), if(Y14=0,vlookup($W15,'Master Input'!$O$12:$R$18,'Master Input'!P$11,false)/2, if(Y14>0,vlookup($W15,'Master Input'!$O$12:$R$18,'Master Input'!P$11,false), if(Y14<0,0,""))),"")) -> 0 | Z17: =if(Z14="","",if(or(Z14>Z16,Z15>Z16,and(Z14=0,Z16=0)), if(Z14=0,vlookup($W15,'Master Input'!$O$12:$R$18,'Master Input'!Q$11,false)/2, if(Z14>0,vlookup($W15,'Master Input'!$O$12:$R$18,'Master Input'!Q$11,false), if(Z14<0,0,""))),"")) -> 0 | AA17: =if(AA14="","",if(or(AA14>AA16,AA15>AA16,and(AA14=0,AA16=0)), if(AA14=0,vlookup($W15,'Master Input'!$O$12:$R$18,'Master Input'!R$11,false)/2, if(AA14>0,vlookup($W15,'Master Input'!$O$12:$R$18,'Master Input'!R$11,false), if(AA14<0,0,""))),"")) -> 0 | AB17: Match Front Back | AC17: =if(AC15="","",AC15) -> -1 | AD17: =if(AD15="","",AD15+AC17) -> -2 | AE17: =if(AE15="","",AE15+AD17) -> -3 | AF17: =if(AF15="","",AF15+AE17) -> -4 | AG17: =if(AG15="","",AG15+AF17) -> -3 | AH17: =if(AH15="","",AH15+AG17) -> -4 | AI17: =if(AI15="","",AI15+AH17) -> -5 | AJ17: =if(AJ15="","",AJ15+AI17) -> -6 | AK17: =if(AK15="","",AK15+AJ17) -> -7 | AL17: =if(AL15="","",AL15) -> 0 | AM17: =if(AM15="","",AM15+AL17) -> 0 | AN17: =if(AN15="","",AN15+AM17) -> 0 | AO17: =if(AO15="","",AO15+AN17) -> -1 | AP17: =if(AP15="","",AP15+AO17) -> -1 | AQ17: =if(AQ15="","",AQ15+AP17) -> 0 | AR17: =if(AR15="","",AR15+AQ17) -> -1 | AS17: =if(AS15="","",AS15+AR17) -> -2 | AT17: =if(AT15="","",AT15+AS17) -> -1
X18: Opposition Pts | Y18: =if(Y17="","",vlookup($W15,'Master Input'!$O$12:$R$18,'Master Input'!P$11,false)-Y17) -> 1 | Z18: =if(Z17="","",vlookup($W15,'Master Input'!$O$12:$R$18,'Master Input'!Q$11,false)-Z17) -> 1 | AA18: =if(AA17="","",vlookup($W15,'Master Input'!$O$12:$R$18,'Master Input'!R$11,false)-AA17) -> 2 | AB18: Holes Left Overall | AC18: 17 | AD18: 16 | AE18: 15 | AF18: 14 | AG18: 13 | AH18: 12 | AI18: 11 | AJ18: 10 | AK18: 9 | AL18: 8 | AM18: 7 | AN18: 6 | AO18: 5 | AP18: 4 | AQ18: 3 | AR18: 2 | AS18: 1 | AT18: 0
C19: 1 | D19: 2 | E19: 3 | F19: 4 | G19: 5 | H19: 6 | I19: 7 | J19: 8 | K19: 9 | L19: 10 | M19: 11 | N19: 12 | O19: 13 | P19: 14 | Q19: 15 | R19: 16 | S19: 17 | T19: 18 | AB19: Match Overall | AC19: =if(AC15="","",AC15) -> -1 | AD19: =if(AD15="","",AD15+AC19) -> -2 | AE19: =if(AE15="","",AE15+AD19) -> -3 | AF19: =if(AF15="","",AF15+AE19) -> -4 | AG19: =if(AG15="","",AG15+AF19) -> -3 | AH19: =if(AH15="","",AH15+AG19) -> -4 | AI19: =if(AI15="","",AI15+AH19) -> -5 | AJ19: =if(AJ15="","",AJ15+AI19) -> -6 | AK19: =if(AK15="","",AK15+AJ19) -> -7 | ... AT19: =if(AT15="","",AT15+AS19) -> -8
A22: =W23 -> R1_G2 | C22: Match 2 | K22: Thru | L22: =18-countif(AC24:AT24,"") -> 18 | Y22: Front | Z22: Back | AA22: Overall | AB22: Hole: | AC22: 1 | AD22: 2 | AE22: 3 | AF22: 4 | AG22: 5 | AH22: 6 | AI22: 7 | AJ22: 8 | AK22: 9 | AL22: 10 | AM22: 11 | AN22: 12 | AO22: 13 | AP22: 14 | AQ22: 15 | AR22: 16 | AS22: 17 | AT22: 18
C23: ='Match Selection'!M4 -> Andy | I23: Front | L23: Back | P23: ='Match Selection'!J4 -> R-Mac | W23: R1_G2 | X23: Base Team | Y23: =if(L22=0,"",sum(AC24:AK24)) -> -3 | Z23: =if(L22<10,"",sum(AL24:AT24)) -> -2 | AA23: =if(L22<10,"",sum(AC24:AT24)) -> -5 | AB23: VLOOKUP REF: | AC23: 4 | AD23: 5 | AE23: 6 | AF23: 7 | AG23: 8 | AH23: 9 | AI23: 10 | AJ23: 11 | AK23: 12 | AL23: 16 | AM23: 17 | AN23: 18 | AO23: 19 | AP23: 20 | AQ23: 21 | AR23: 22 | AS23: 23 | AT23: 24
C24: ='Match Selection'!M5 -> Pace | I24: =if(and(Y25>0,Y23<>0,Y23<>"",Y26=""),abs(Y23)&" UP", if(abs(AG26)>AG25,abs(AG26)&"&"&AG25, if(abs(AH26)>AH25,abs(AH26)&"&"&AH25, if(abs(AI26)>AI25,abs(AI26)&"&"&AI25, if(abs(AJ26)>AJ25,abs(AJ26)&"&"&AJ25, if(abs(AK26)>AK25,abs(AK26)&"&"&AK25,"AS")))))) -> 3&2 | L24: =if(and(Z25>0,Z23<>0,Z23<>"",Z26=""),abs(Z23)&" UP", if(abs(AP26)>AP25,abs(AP26)&"&"&AP25, if(abs(AQ26)>AQ25,abs(AQ26)&"&"&AQ25, if(abs(AR26)>AR25,abs(AR26)&"&"&AR25, if(abs(AS26)>AS25,abs(AS26)&"&"&AS25, if(abs(AT26)>AT25,abs(AT26)&"&"&AT25,"AS")))))) -> 2&0 | P24: ='Match Selection'!J5 -> T-Mo | W24: =$L$10 -> 2-Man Best Ball | X24: Opposition | Y24: =if(L22=0,"",if(Y23=0,0,Y23*-1)) -> 3 | Z24: =if(L22<10,"",if(Z23=0,0,Z23*-1)) -> 2 | AA24: =if(L22<10,"",if(AA23=0,0,AA23*-1)) -> 5 | AB24: Hole Won/Lost: | AC24: =VLOOKUP("Match",indirect($W23&"!"&"$B$23:$y$23"),AC23) -> -1 | AD24: =VLOOKUP("Match",indirect($W23&"!"&"$B$23:$y$23"),AD23) -> 0 | AE24: =VLOOKUP("Match",indirect($W23&"!"&"$B$23:$y$23"),AE23) -> -1 | AF24: =VLOOKUP("Match",indirect($W23&"!"&"$B$23:$y$23"),AF23) -> -1 | AG24: =VLOOKUP("Match",indirect($W23&"!"&"$B$23:$y$23"),AG23) -> 0 | AH24: =VLOOKUP("Match",indirect($W23&"!"&"$B$23:$y$23"),AH23) -> 0 | AI24: =VLOOKUP("Match",indirect($W23&"!"&"$B$23:$y$23"),AI23) -> 0 | AJ24: =VLOOKUP("Match",indirect($W23&"!"&"$B$23:$y$23"),AJ23) -> 1 | ... AT24: =VLOOKUP("Match",indirect($W23&"!"&"$B$23:$y$23"),AT23) -> -1
D25: Points | J25: Overall | Q25: Points | X25: Holes Left | Y25: {=(countif(indirect(W23&"!"&"$E$19:$M$19"),""))} -> 0 | Z25: {=(countif(indirect(W23&"!"&"$Q$19:$Y$19"),""))} -> 0 | AA25: {=(countif(indirect(W23&"!"&"$E$19:$M$19"),"")) +(countif(indirect(W23&"!"&"$Q$19:$Y$19"),""))} -> 0 | AB25: Holes Left Front Back | AC25: 8 | AD25: 7 | AE25: 6 | AF25: 5 | AG25: 4 | AH25: 3 | AI25: 2 | AJ25: 1 | AK25: 0 | AL25: 8 | AM25: 7 | AN25: 6 | AO25: 5 | AP25: 4 | AQ25: 3 | AR25: 2 | AS25: 1 | AT25: 0
D26: =if(Y27="","",sum(Y27:AA27)) -> 4 | J26: =if(and(AA25>0,AA23<>0,AA23<>"",AA26=""),abs(AA23)&" UP", if(abs(AG28)>AG27,abs(AG28)&"&"&AG27, if(abs(AH28)>AH27,abs(AH28)&"&"&AH27, if(abs(AI28)>AI27,abs(AI28)&"&"&AI27, if(abs(AJ28)>AJ27,abs(AJ28)&"&"&AJ27, if(abs(AK28)>AK27,abs(AK28)&"&"&AK27, if(abs(AL28)>AL27,abs(AL28)&"&"&AL27, if(abs(AM28)>AM27,abs(AM28)&"&"&AM27, if(abs(AN28)>AN27,abs(AN28)&"&"&AN27, if(abs(AO28)>AO27,abs(AO28)&"&"&AO27, if(abs(AP28)>AP27,abs(AP28)&"&"&AP27, if(abs(AQ28)>AQ27,abs(AQ28)&"&"&AQ27, if(abs(AR28)>AR27,abs(AR28)&"&"&AR27, if(abs(AS28)>AS27,abs(AS28)&"&"&AS27, if(abs(AT28)>AT27,abs(AT28)&"&"&AT27, "AS"))))))))))))))) -> 5&3 | Q26: =if(Y26="","",sum(Y26:AA26)) -> 0 | X26: Base Team Pts | Y26: =if(Y23="","",if(or(Y23>Y25,Y24>Y25,and(Y23=0,Y25=0)), if(Y23=0,vlookup($W24,'Master Input'!$O$12:$R$18,'Master Input'!P$11,false)/2, if(Y23>0,vlookup($W24,'Master Input'!$O$12:$R$18,'Master Input'!P$11,false), if(Y23<0,0,""))),"")) -> 0 | Z26: =if(Z23="","",if(or(Z23>Z25,Z24>Z25,and(Z23=0,Z25=0)), if(Z23=0,vlookup($W24,'Master Input'!$O$12:$R$18,'Master Input'!Q$11,false)/2, if(Z23>0,vlookup($W24,'Master Input'!$O$12:$R$18,'Master Input'!Q$11,false), if(Z23<0,0,""))),"")) -> 0 | AA26: =if(AA23="","",if(or(AA23>AA25,AA24>AA25,and(AA23=0,AA25=0)), if(AA23=0,vlookup($W24,'Master Input'!$O$12:$R$18,'Master Input'!R$11,false)/2, if(AA23>0,vlookup($W24,'Master Input'!$O$12:$R$18,'Master Input'!R$11,false), if(AA23<0,0,""))),"")) -> 0 | AB26: Match Front Back | AC26: =if(AC24="","",AC24) -> -1 | AD26: =if(AD24="","",AD24+AC26) -> -1 | AE26: =if(AE24="","",AE24+AD26) -> -2 | AF26: =if(AF24="","",AF24+AE26) -> -3 | AG26: =if(AG24="","",AG24+AF26) -> -3 | AH26: =if(AH24="","",AH24+AG26) -> -3 | AI26: =if(AI24="","",AI24+AH26) -> -3 | AJ26: =if(AJ24="","",AJ24+AI26) -> -2 | AK26: =if(AK24="","",AK24+AJ26) -> -3 | AL26: =if(AL24="","",AL24) -> -1 | AM26: =if(AM24="","",AM24+AL26) -> -1 | AN26: =if(AN24="","",AN24+AM26) -> 0 | AO26: =if(AO24="","",AO24+AN26) -> 0 | AP26: =if(AP24="","",AP24+AO26) -> -1 | AQ26: =if(AQ24="","",AQ24+AP26) -> -2 | AR26: =if(AR24="","",AR24+AQ26) -> -1 | AS26: =if(AS24="","",AS24+AR26) -> -1 | AT26: =if(AT24="","",AT24+AS26) -> -2
X27: Opposition Pts | Y27: =if(Y26="","",vlookup($W24,'Master Input'!$O$12:$R$18,'Master Input'!P$11,false)-Y26) -> 1 | Z27: =if(Z26="","",vlookup($W24,'Master Input'!$O$12:$R$18,'Master Input'!Q$11,false)-Z26) -> 1 | AA27: =if(AA26="","",vlookup($W24,'Master Input'!$O$12:$R$18,'Master Input'!R$11,false)-AA26) -> 2 | AB27: Holes Left Overall | AC27: 17 | AD27: 16 | AE27: 15 | AF27: 14 | AG27: 13 | AH27: 12 | AI27: 11 | AJ27: 10 | AK27: 9 | AL27: 8 | AM27: 7 | AN27: 6 | AO27: 5 | AP27: 4 | AQ27: 3 | AR27: 2 | AS27: 1 | AT27: 0
C28: 1 | D28: 2 | E28: 3 | F28: 4 | G28: 5 | H28: 6 | I28: 7 | J28: 8 | K28: 9 | L28: 10 | M28: 11 | N28: 12 | O28: 13 | P28: 14 | Q28: 15 | R28: 16 | S28: 17 | T28: 18 | AB28: Match Overall | AC28: =if(AC24="","",AC24) -> -1 | AD28: =if(AD24="","",AD24+AC28) -> -1 | AE28: =if(AE24="","",AE24+AD28) -> -2 | AF28: =if(AF24="","",AF24+AE28) -> -3 | AG28: =if(AG24="","",AG24+AF28) -> -3 | AH28: =if(AH24="","",AH24+AG28) -> -3 | AI28: =if(AI24="","",AI24+AH28) -> -3 | AJ28: =if(AJ24="","",AJ24+AI28) -> -2 | AK28: =if(AK24="","",AK24+AJ28) -> -3 | ... AT28: =if(AT24="","",AT24+AS28) -> -5
A31: =W32 -> R1_G3 | C31: Match 3 | K31: Thru | L31: =18-countif(AC33:AT33,"") -> 18 | Y31: Front | Z31: Back | AA31: Overall | AB31: Hole: | AC31: 1 | AD31: 2 | AE31: 3 | AF31: 4 | AG31: 5 | AH31: 6 | AI31: 7 | AJ31: 8 | AK31: 9 | AL31: 10 | AM31: 11 | AN31: 12 | AO31: 13 | AP31: 14 | AQ31: 15 | AR31: 16 | AS31: 17 | AT31: 18
C32: ='Match Selection'!S4 -> House | I32: Front | L32: Back | P32: ='Match Selection'!P4 -> KJ | W32: R1_G3 | X32: Base Team | Y32: =if(L31=0,"",sum(AC33:AK33)) -> 1 | Z32: =if(L31<10,"",sum(AL33:AT33)) -> 3 | AA32: =if(L31<10,"",sum(AC33:AT33)) -> 4 | AB32: VLOOKUP REF: | AC32: 4 | AD32: 5 | AE32: 6 | AF32: 7 | AG32: 8 | AH32: 9 | AI32: 10 | AJ32: 11 | AK32: 12 | AL32: 16 | AM32: 17 | AN32: 18 | AO32: 19 | AP32: 20 | AQ32: 21 | AR32: 22 | AS32: 23 | AT32: 24
C33: ='Match Selection'!S5 -> Carp | I33: =if(and(Y34>0,Y32<>0,Y32<>"",Y35=""),abs(Y32)&" UP", if(abs(AG35)>AG34,abs(AG35)&"&"&AG34, if(abs(AH35)>AH34,abs(AH35)&"&"&AH34, if(abs(AI35)>AI34,abs(AI35)&"&"&AI34, if(abs(AJ35)>AJ34,abs(AJ35)&"&"&AJ34, if(abs(AK35)>AK34,abs(AK35)&"&"&AK34,"AS")))))) -> 1&0 | L33: =if(and(Z34>0,Z32<>0,Z32<>"",Z35=""),abs(Z32)&" UP", if(abs(AP35)>AP34,abs(AP35)&"&"&AP34, if(abs(AQ35)>AQ34,abs(AQ35)&"&"&AQ34, if(abs(AR35)>AR34,abs(AR35)&"&"&AR34, if(abs(AS35)>AS34,abs(AS35)&"&"&AS34, if(abs(AT35)>AT34,abs(AT35)&"&"&AT34,"AS")))))) -> 3&2 | P33: ='Match Selection'!P5 -> Weezy | W33: =$L$10 -> 2-Man Best Ball | X33: Opposition | Y33: =if(L31=0,"",if(Y32=0,0,Y32*-1)) -> -1 | Z33: =if(L31<10,"",if(Z32=0,0,Z32*-1)) -> -3 | AA33: =if(L31<10,"",if(AA32=0,0,AA32*-1)) -> -4 | AB33: Hole Won/Lost: | AC33: =VLOOKUP("Match",indirect($W32&"!"&"$B$23:$y$23"),AC32) -> -1 | AD33: =VLOOKUP("Match",indirect($W32&"!"&"$B$23:$y$23"),AD32) -> 1 | AE33: =VLOOKUP("Match",indirect($W32&"!"&"$B$23:$y$23"),AE32) -> 0 | AF33: =VLOOKUP("Match",indirect($W32&"!"&"$B$23:$y$23"),AF32) -> -1 | AG33: =VLOOKUP("Match",indirect($W32&"!"&"$B$23:$y$23"),AG32) -> 1 | AH33: =VLOOKUP("Match",indirect($W32&"!"&"$B$23:$y$23"),AH32) -> 0 | AI33: =VLOOKUP("Match",indirect($W32&"!"&"$B$23:$y$23"),AI32) -> 1 | AJ33: =VLOOKUP("Match",indirect($W32&"!"&"$B$23:$y$23"),AJ32) -> 0 | ... AT33: =VLOOKUP("Match",indirect($W32&"!"&"$B$23:$y$23"),AT32) -> -1
D34: Points | J34: Overall | Q34: Points | X34: Holes Left | Y34: {=(countif(indirect(W32&"!"&"$E$19:$M$19"),""))} -> 0 | Z34: {=(countif(indirect(W32&"!"&"$Q$19:$Y$19"),""))} -> 0 | AA34: {=(countif(indirect(W32&"!"&"$E$19:$M$19"),"")) +(countif(indirect(W32&"!"&"$Q$19:$Y$19"),""))} -> 0 | AB34: Holes Left Front Back | AC34: 8 | AD34: 7 | AE34: 6 | AF34: 5 | AG34: 4 | AH34: 3 | AI34: 2 | AJ34: 1 | AK34: 0 | AL34: 8 | AM34: 7 | AN34: 6 | AO34: 5 | AP34: 4 | AQ34: 3 | AR34: 2 | AS34: 1 | AT34: 0
D35: =if(Y36="","",sum(Y36:AA36)) -> 0 | J35: =if(and(AA34>0,AA32<>0,AA32<>"",AA35=""),abs(AA32)&" UP", if(abs(AG37)>AG36,abs(AG37)&"&"&AG36, if(abs(AH37)>AH36,abs(AH37)&"&"&AH36, if(abs(AI37)>AI36,abs(AI37)&"&"&AI36, if(abs(AJ37)>AJ36,abs(AJ37)&"&"&AJ36, if(abs(AK37)>AK36,abs(AK37)&"&"&AK36, if(abs(AL37)>AL36,abs(AL37)&"&"&AL36, if(abs(AM37)>AM36,abs(AM37)&"&"&AM36, if(abs(AN37)>AN36,abs(AN37)&"&"&AN36, if(abs(AO37)>AO36,abs(AO37)&"&"&AO36, if(abs(AP37)>AP36,abs(AP37)&"&"&AP36, if(abs(AQ37)>AQ36,abs(AQ37)&"&"&AQ36, if(abs(AR37)>AR36,abs(AR37)&"&"&AR36, if(abs(AS37)>AS36,abs(AS37)&"&"&AS36, if(abs(AT37)>AT36,abs(AT37)&"&"&AT36, "AS"))))))))))))))) -> 4&3 | Q35: =if(Y35="","",sum(Y35:AA35)) -> 4 | X35: Base Team Pts | Y35: =if(Y32="","",if(or(Y32>Y34,Y33>Y34,and(Y32=0,Y34=0)), if(Y32=0,vlookup($W33,'Master Input'!$O$12:$R$18,'Master Input'!P$11,false)/2, if(Y32>0,vlookup($W33,'Master Input'!$O$12:$R$18,'Master Input'!P$11,false), if(Y32<0,0,""))),"")) -> 1 | Z35: =if(Z32="","",if(or(Z32>Z34,Z33>Z34,and(Z32=0,Z34=0)), if(Z32=0,vlookup($W33,'Master Input'!$O$12:$R$18,'Master Input'!Q$11,false)/2, if(Z32>0,vlookup($W33,'Master Input'!$O$12:$R$18,'Master Input'!Q$11,false), if(Z32<0,0,""))),"")) -> 1 | AA35: =if(AA32="","",if(or(AA32>AA34,AA33>AA34,and(AA32=0,AA34=0)), if(AA32=0,vlookup($W33,'Master Input'!$O$12:$R$18,'Master Input'!R$11,false)/2, if(AA32>0,vlookup($W33,'Master Input'!$O$12:$R$18,'Master Input'!R$11,false), if(AA32<0,0,""))),"")) -> 2 | AB35: Match Front Back | AC35: =if(AC33="","",AC33) -> -1 | AD35: =if(AD33="","",AD33+AC35) -> 0 | AE35: =if(AE33="","",AE33+AD35) -> 0 | AF35: =if(AF33="","",AF33+AE35) -> -1 | AG35: =if(AG33="","",AG33+AF35) -> 0 | AH35: =if(AH33="","",AH33+AG35) -> 0 | AI35: =if(AI33="","",AI33+AH35) -> 1 | AJ35: =if(AJ33="","",AJ33+AI35) -> 1 | AK35: =if(AK33="","",AK33+AJ35) -> 1 | AL35: =if(AL33="","",AL33) -> 1 | AM35: =if(AM33="","",AM33+AL35) -> 2 | AN35: =if(AN33="","",AN33+AM35) -> 2 | AO35: =if(AO33="","",AO33+AN35) -> 2 | AP35: =if(AP33="","",AP33+AO35) -> 2 | AQ35: =if(AQ33="","",AQ33+AP35) -> 3 | AR35: =if(AR33="","",AR33+AQ35) -> 3 | AS35: =if(AS33="","",AS33+AR35) -> 4 | AT35: =if(AT33="","",AT33+AS35) -> 3
X36: Opposition Pts | Y36: =if(Y35="","",vlookup($W33,'Master Input'!$O$12:$R$18,'Master Input'!P$11,false)-Y35) -> 0 | Z36: =if(Z35="","",vlookup($W33,'Master Input'!$O$12:$R$18,'Master Input'!Q$11,false)-Z35) -> 0 | AA36: =if(AA35="","",vlookup($W33,'Master Input'!$O$12:$R$18,'Master Input'!R$11,false)-AA35) -> 0 | AB36: Holes Left Overall | AC36: 17 | AD36: 16 | AE36: 15 | AF36: 14 | AG36: 13 | AH36: 12 | AI36: 11 | AJ36: 10 | AK36: 9 | AL36: 8 | AM36: 7 | AN36: 6 | AO36: 5 | AP36: 4 | AQ36: 3 | AR36: 2 | AS36: 1 | AT36: 0
C37: 1 | D37: 2 | E37: 3 | F37: 4 | G37: 5 | H37: 6 | I37: 7 | J37: 8 | K37: 9 | L37: 10 | M37: 11 | N37: 12 | O37: 13 | P37: 14 | Q37: 15 | R37: 16 | S37: 17 | T37: 18 | AB37: Match Overall | AC37: =if(AC33="","",AC33) -> -1 | AD37: =if(AD33="","",AD33+AC37) -> 0 | AE37: =if(AE33="","",AE33+AD37) -> 0 | AF37: =if(AF33="","",AF33+AE37) -> -1 | AG37: =if(AG33="","",AG33+AF37) -> 0 | AH37: =if(AH33="","",AH33+AG37) -> 0 | AI37: =if(AI33="","",AI33+AH37) -> 1 | AJ37: =if(AJ33="","",AJ33+AI37) -> 1 | AK37: =if(AK33="","",AK33+AJ37) -> 1 | ... AT37: =if(AT33="","",AT33+AS37) -> 4
A40: =W41 -> R1_G4 | C40: Match 4 | K40: Thru | L40: =18-countif(AC42:AT42,"") -> 18 | Y40: Front | Z40: Back | AA40: Overall | AB40: Hole: | AC40: 1 | AD40: 2 | AE40: 3 | AF40: 4 | AG40: 5 | AH40: 6 | AI40: 7 | AJ40: 8 | AK40: 9 | AL40: 10 | AM40: 11 | AN40: 12 | AO40: 13 | AP40: 14 | AQ40: 15 | AR40: 16 | AS40: 17 | AT40: 18
C41: ='Match Selection'!Y4 -> Jensen | I41: Front | L41: Back | P41: ='Match Selection'!V4 -> Telly | W41: R1_G4 | X41: Base Team | Y41: =if(L40=0,"",sum(AC42:AK42)) -> -4 | Z41: =if(L40<10,"",sum(AL42:AT42)) -> 0 | AA41: =if(L40<10,"",sum(AC42:AT42)) -> -4 | AB41: VLOOKUP REF: | AC41: 4 | AD41: 5 | AE41: 6 | AF41: 7 | AG41: 8 | AH41: 9 | AI41: 10 | AJ41: 11 | AK41: 12 | AL41: 16 | AM41: 17 | AN41: 18 | AO41: 19 | AP41: 20 | AQ41: 21 | AR41: 22 | AS41: 23 | AT41: 24
C42: ='Match Selection'!Y5 -> DK | I42: =if(and(Y43>0,Y41<>0,Y41<>"",Y44=""),abs(Y41)&" UP", if(abs(AG44)>AG43,abs(AG44)&"&"&AG43, if(abs(AH44)>AH43,abs(AH44)&"&"&AH43, if(abs(AI44)>AI43,abs(AI44)&"&"&AI43, if(abs(AJ44)>AJ43,abs(AJ44)&"&"&AJ43, if(abs(AK44)>AK43,abs(AK44)&"&"&AK43,"AS")))))) -> 3&2 | L42: =if(and(Z43>0,Z41<>0,Z41<>"",Z44=""),abs(Z41)&" UP", if(abs(AP44)>AP43,abs(AP44)&"&"&AP43, if(abs(AQ44)>AQ43,abs(AQ44)&"&"&AQ43, if(abs(AR44)>AR43,abs(AR44)&"&"&AR43, if(abs(AS44)>AS43,abs(AS44)&"&"&AS43, if(abs(AT44)>AT43,abs(AT44)&"&"&AT43,"AS")))))) -> AS | P42: ='Match Selection'!V5 -> Hile | W42: =$L$10 -> 2-Man Best Ball | X42: Opposition | Y42: =if(L40=0,"",if(Y41=0,0,Y41*-1)) -> 4 | Z42: =if(L40<10,"",if(Z41=0,0,Z41*-1)) -> 0 | AA42: =if(L40<10,"",if(AA41=0,0,AA41*-1)) -> 4 | AB42: Hole Won/Lost: | AC42: =VLOOKUP("Match",indirect($W41&"!"&"$B$23:$y$23"),AC41) -> -1 | AD42: =VLOOKUP("Match",indirect($W41&"!"&"$B$23:$y$23"),AD41) -> 0 | AE42: =VLOOKUP("Match",indirect($W41&"!"&"$B$23:$y$23"),AE41) -> 0 | AF42: =VLOOKUP("Match",indirect($W41&"!"&"$B$23:$y$23"),AF41) -> 0 | AG42: =VLOOKUP("Match",indirect($W41&"!"&"$B$23:$y$23"),AG41) -> -1 | AH42: =VLOOKUP("Match",indirect($W41&"!"&"$B$23:$y$23"),AH41) -> 0 | AI42: =VLOOKUP("Match",indirect($W41&"!"&"$B$23:$y$23"),AI41) -> -1 | AJ42: =VLOOKUP("Match",indirect($W41&"!"&"$B$23:$y$23"),AJ41) -> -1 | ... AT42: =VLOOKUP("Match",indirect($W41&"!"&"$B$23:$y$23"),AT41) -> 0
D43: Points | J43: Overall | Q43: Points | X43: Holes Left | Y43: {=(countif(indirect(W41&"!"&"$E$19:$M$19"),""))} -> 0 | Z43: {=(countif(indirect(W41&"!"&"$Q$19:$Y$19"),""))} -> 0 | AA43: {=(countif(indirect(W41&"!"&"$E$19:$M$19"),"")) +(countif(indirect(W41&"!"&"$Q$19:$Y$19"),""))} -> 0 | AB43: Holes Left Front Back | AC43: 8 | AD43: 7 | AE43: 6 | AF43: 5 | AG43: 4 | AH43: 3 | AI43: 2 | AJ43: 1 | AK43: 0 | AL43: 8 | AM43: 7 | AN43: 6 | AO43: 5 | AP43: 4 | AQ43: 3 | AR43: 2 | AS43: 1 | AT43: 0
D44: =if(Y45="","",sum(Y45:AA45)) -> 3.5 | J44: =if(and(AA43>0,AA41<>0,AA41<>"",AA44=""),abs(AA41)&" UP", if(abs(AG46)>AG45,abs(AG46)&"&"&AG45, if(abs(AH46)>AH45,abs(AH46)&"&"&AH45, if(abs(AI46)>AI45,abs(AI46)&"&"&AI45, if(abs(AJ46)>AJ45,abs(AJ46)&"&"&AJ45, if(abs(AK46)>AK45,abs(AK46)&"&"&AK45, if(abs(AL46)>AL45,abs(AL46)&"&"&AL45, if(abs(AM46)>AM45,abs(AM46)&"&"&AM45, if(abs(AN46)>AN45,abs(AN46)&"&"&AN45, if(abs(AO46)>AO45,abs(AO46)&"&"&AO45, if(abs(AP46)>AP45,abs(AP46)&"&"&AP45, if(abs(AQ46)>AQ45,abs(AQ46)&"&"&AQ45, if(abs(AR46)>AR45,abs(AR46)&"&"&AR45, if(abs(AS46)>AS45,abs(AS46)&"&"&AS45, if(abs(AT46)>AT45,abs(AT46)&"&"&AT45, "AS"))))))))))))))) -> 4&3 | Q44: =if(Y44="","",sum(Y44:AA44)) -> 0.5 | X44: Base Team Pts | Y44: =if(Y41="","",if(or(Y41>Y43,Y42>Y43,and(Y41=0,Y43=0)), if(Y41=0,vlookup($W42,'Master Input'!$O$12:$R$18,'Master Input'!P$11,false)/2, if(Y41>0,vlookup($W42,'Master Input'!$O$12:$R$18,'Master Input'!P$11,false), if(Y41<0,0,""))),"")) -> 0 | Z44: =if(Z41="","",if(or(Z41>Z43,Z42>Z43,and(Z41=0,Z43=0)), if(Z41=0,vlookup($W42,'Master Input'!$O$12:$R$18,'Master Input'!Q$11,false)/2, if(Z41>0,vlookup($W42,'Master Input'!$O$12:$R$18,'Master Input'!Q$11,false), if(Z41<0,0,""))),"")) -> 0.5 | AA44: =if(AA41="","",if(or(AA41>AA43,AA42>AA43,and(AA41=0,AA43=0)), if(AA41=0,vlookup($W42,'Master Input'!$O$12:$R$18,'Master Input'!R$11,false)/2, if(AA41>0,vlookup($W42,'Master Input'!$O$12:$R$18,'Master Input'!R$11,false), if(AA41<0,0,""))),"")) -> 0 | AB44: Match Front Back | AC44: =if(AC42="","",AC42) -> -1 | AD44: =if(AD42="","",AD42+AC44) -> -1 | AE44: =if(AE42="","",AE42+AD44) -> -1 | AF44: =if(AF42="","",AF42+AE44) -> -1 | AG44: =if(AG42="","",AG42+AF44) -> -2 | AH44: =if(AH42="","",AH42+AG44) -> -2 | AI44: =if(AI42="","",AI42+AH44) -> -3 | AJ44: =if(AJ42="","",AJ42+AI44) -> -4 | AK44: =if(AK42="","",AK42+AJ44) -> -4 | AL44: =if(AL42="","",AL42) -> 1 | AM44: =AM42+AL44 -> 1 | AN44: =AN42+AM44 -> 2 | AO44: =AO42+AN44 -> 2 | AP44: =AP42+AO44 -> 1 | AQ44: =AQ42+AP44 -> 0 | AR44: =AR42+AQ44 -> 1 | AS44: =AS42+AR44 -> 0 | AT44: =AT42+AS44 -> 0
X45: Opposition Pts | Y45: =if(Y44="","",vlookup($W42,'Master Input'!$O$12:$R$18,'Master Input'!P$11,false)-Y44) -> 1 | Z45: =if(Z44="","",vlookup($W42,'Master Input'!$O$12:$R$18,'Master Input'!Q$11,false)-Z44) -> 0.5 | AA45: =if(AA44="","",vlookup($W42,'Master Input'!$O$12:$R$18,'Master Input'!R$11,false)-AA44) -> 2 | AB45: Holes Left Overall | AC45: 17 | AD45: 16 | AE45: 15 | AF45: 14 | AG45: 13 | AH45: 12 | AI45: 11 | AJ45: 10 | AK45: 9 | AL45: 8 | AM45: 7 | AN45: 6 | AO45: 5 | AP45: 4 | AQ45: 3 | AR45: 2 | AS45: 1 | AT45: 0
C46: 1 | D46: 2 | E46: 3 | F46: 4 | G46: 5 | H46: 6 | I46: 7 | J46: 8 | K46: 9 | L46: 10 | M46: 11 | N46: 12 | O46: 13 | P46: 14 | Q46: 15 | R46: 16 | S46: 17 | T46: 18 | AB46: Match Overall | AC46: =if(AC42="","",AC42) -> -1 | AD46: =if(AD42="","",AD42+AC46) -> -1 | AE46: =if(AE42="","",AE42+AD46) -> -1 | AF46: =if(AF42="","",AF42+AE46) -> -1 | AG46: =if(AG42="","",AG42+AF46) -> -2 | AH46: =if(AH42="","",AH42+AG46) -> -2 | AI46: =if(AI42="","",AI42+AH46) -> -3 | AJ46: =if(AJ42="","",AJ42+AI46) -> -4 | AK46: =if(AK42="","",AK42+AJ46) -> -4 | AL46: =if(AL42="","",AL42+AK46) -> -3 | AM46: =AM42+AL46 -> -3 | AN46: =AN42+AM46 -> -2 | AO46: =AO42+AN46 -> -2 | AP46: =AP42+AO46 -> -3 | AQ46: =AQ42+AP46 -> -4 | AR46: =AR42+AQ46 -> -3 | AS46: =AS42+AR46 -> -4 | AT46: =AT42+AS46 -> -4
B50: ='Master Input'!G6 -> Ravines GC - White | L50: ='Master Input'!H6 -> Singles Matches
B51: Score Tracking: Match Status and Points
A53: =W54 -> R2_G1 | C53: Match 1 | K53: Thru | L53: =18-countif(AC55:AT55,"") -> 18 | Y53: Front | Z53: Back | AA53: Overall | AB53: Hole: | AC53: 1 | AD53: 2 | AE53: 3 | AF53: 4 | AG53: 5 | AH53: 6 | AI53: 7 | AJ53: 8 | AK53: 9 | AL53: 10 | AM53: 11 | AN53: 12 | AO53: 13 | AP53: 14 | AQ53: 15 | AR53: 16 | AS53: 17 | AT53: 18
C54: {=if(W56="top",indirect($W54&"!"&"A11"),indirect($W54&"!"&"A17"))} -> CuzNick | I54: Front | L54: Back | P54: {=if(W56="top",indirect($W54&"!"&"A8"),indirect($W54&"!"&"A14"))} -> Telly | W54: R2_G1 | X54: Base Team | Y54: =if(L53=0,"",sum(AC55:AK55)) -> -1 | Z54: =if(L53<10,"",sum(AL55:AT55)) -> 1 | AA54: =if(L53<10,"",sum(AC55:AT55)) -> 0 | AB54: VLOOKUP REF: | AC54: 4 | AD54: 5 | AE54: 6 | AF54: 7 | AG54: 8 | AH54: 9 | AI54: 10 | AJ54: 11 | AK54: 12 | AL54: 16 | AM54: 17 | AN54: 18 | AO54: 19 | AP54: 20 | AQ54: 21 | AR54: 22 | AS54: 23 | AT54: 24
I55: =if(and(Y56>0,Y54<>0,Y54<>"",Y57=""),abs(Y54)&" UP", if(abs(AG57)>AG56,abs(AG57)&"&"&AG56, if(abs(AH57)>AH56,abs(AH57)&"&"&AH56, if(abs(AI57)>AI56,abs(AI57)&"&"&AI56, if(abs(AJ57)>AJ56,abs(AJ57)&"&"&AJ56, if(abs(AK57)>AK56,abs(AK57)&"&"&AK56,"AS")))))) -> 2&1 | L55: =if(and(Z56>0,Z54<>0,Z54<>"",Z57=""),abs(Z54)&" UP", if(abs(AP57)>AP56,abs(AP57)&"&"&AP56, if(abs(AQ57)>AQ56,abs(AQ57)&"&"&AQ56, if(abs(AR57)>AR56,abs(AR57)&"&"&AR56, if(abs(AS57)>AS56,abs(AS57)&"&"&AS56, if(abs(AT57)>AT56,abs(AT57)&"&"&AT56,"AS")))))) -> 1&0 | W55: =$L$50 -> Singles Matches | X55: Opposition | Y55: =if(L53=0,"",if(Y54=0,0,Y54*-1)) -> 1 | Z55: =if(L53<10,"",if(Z54=0,0,Z54*-1)) -> -1 | AA55: =if(L53<10,"",if(AA54=0,0,AA54*-1)) -> 0 | AB55: Hole Won/Lost: | AC55: =VLOOKUP($W56&" - Front",indirect($W54&"!"&"$B$28:$y$31"),AC54,false) -> 1 | AD55: =VLOOKUP($W56&" - Front",indirect($W54&"!"&"$B$28:$y$31"),AD54,false) -> -1 | AE55: =VLOOKUP($W56&" - Front",indirect($W54&"!"&"$B$28:$y$31"),AE54,false) -> 1 | AF55: =VLOOKUP($W56&" - Front",indirect($W54&"!"&"$B$28:$y$31"),AF54,false) -> -1 | AG55: =VLOOKUP($W56&" - Front",indirect($W54&"!"&"$B$28:$y$31"),AG54,false) -> -1 | AH55: =VLOOKUP($W56&" - Front",indirect($W54&"!"&"$B$28:$y$31"),AH54,false) -> -1 | AI55: =VLOOKUP($W56&" - Front",indirect($W54&"!"&"$B$28:$y$31"),AI54,false) -> 0 | AJ55: =VLOOKUP($W56&" - Front",indirect($W54&"!"&"$B$28:$y$31"),AJ54,false) -> 0 | ... AT55: =VLOOKUP($W56&" - Front",indirect($W54&"!"&"$B$28:$y$31"),AT54,false) -> 1
D56: Points | J56: Overall | Q56: Points | W56: Top | X56: Holes Left | Y56: {=(countif(indirect(W54&"!"&"$E$20:$M$20"),""))} -> 0 | Z56: {=(countif(indirect(W54&"!"&"$Q$20:$Y$20"),""))} -> 0 | AA56: {=(countif(indirect(W54&"!"&"$E$20:$M$20"),"")) +(countif(indirect(W54&"!"&"$Q$20:$Y$20"),""))} -> 0 | AB56: Holes Left Front Back | AC56: 8 | AD56: 7 | AE56: 6 | AF56: 5 | AG56: 4 | AH56: 3 | AI56: 2 | AJ56: 1 | AK56: 0 | AL56: 8 | AM56: 7 | AN56: 6 | AO56: 5 | AP56: 4 | AQ56: 3 | AR56: 2 | AS56: 1 | AT56: 0
D57: =if(Y58="","",sum(Y58:AA58)) -> 1.5 | J57: =if(and(AA56>0,AA54<>0,AA54<>"",AA57=""),abs(AA54)&" UP", if(abs(AG59)>AG58,abs(AG59)&"&"&AG58, if(abs(AH59)>AH58,abs(AH59)&"&"&AH58, if(abs(AI59)>AI58,abs(AI59)&"&"&AI58, if(abs(AJ59)>AJ58,abs(AJ59)&"&"&AJ58, if(abs(AK59)>AK58,abs(AK59)&"&"&AK58, if(abs(AL59)>AL58,abs(AL59)&"&"&AL58, if(abs(AM59)>AM58,abs(AM59)&"&"&AM58, if(abs(AN59)>AN58,abs(AN59)&"&"&AN58, if(abs(AO59)>AO58,abs(AO59)&"&"&AO58, if(abs(AP59)>AP58,abs(AP59)&"&"&AP58, if(abs(AQ59)>AQ58,abs(AQ59)&"&"&AQ58, if(abs(AR59)>AR58,abs(AR59)&"&"&AR58, if(abs(AS59)>AS58,abs(AS59)&"&"&AS58, if(abs(AT59)>AT58,abs(AT59)&"&"&AT58, "AS"))))))))))))))) -> AS | Q57: =if(Y57="","",sum(Y57:AA57)) -> 1.5 | X57: Base Team Pts | Y57: =if(Y54="","",if(or(Y54>Y56,Y55>Y56,and(Y54=0,Y56=0)), if(Y54=0,vlookup($W55,'Master Input'!$O$12:$R$18,'Master Input'!P$11,false)/2, if(Y54>0,vlookup($W55,'Master Input'!$O$12:$R$18,'Master Input'!P$11,false), if(Y54<0,0,""))),"")) -> 0 | Z57: =if(Z54="","",if(or(Z54>Z56,Z55>Z56,and(Z54=0,Z56=0)), if(Z54=0,vlookup($W55,'Master Input'!$O$12:$R$18,'Master Input'!Q$11,false)/2, if(Z54>0,vlookup($W55,'Master Input'!$O$12:$R$18,'Master Input'!Q$11,false), if(Z54<0,0,""))),"")) -> 1 | AA57: =if(AA54="","",if(or(AA54>AA56,AA55>AA56,and(AA54=0,AA56=0)), if(AA54=0,vlookup($W55,'Master Input'!$O$12:$R$18,'Master Input'!R$11,false)/2, if(AA54>0,vlookup($W55,'Master Input'!$O$12:$R$18,'Master Input'!R$11,false), if(AA54<0,0,""))),"")) -> 0.5 | AB57: Match Front Back | AC57: =if(AC55="","",AC55) -> 1 | AD57: =if(AD55="","",AD55+AC57) -> 0 | AE57: =if(AE55="","",AE55+AD57) -> 1 | AF57: =if(AF55="","",AF55+AE57) -> 0 | AG57: =if(AG55="","",AG55+AF57) -> -1 | AH57: =if(AH55="","",AH55+AG57) -> -2 | AI57: =if(AI55="","",AI55+AH57) -> -2 | AJ57: =if(AJ55="","",AJ55+AI57) -> -2 | AK57: =if(AK55="","",AK55+AJ57) -> -1 | AL57: =if(AL55="","",AL55) -> 0 | AM57: =if(AM55="","",AM55+AL57) -> 0 | AN57: =if(AN55="","",AN55+AM57) -> 0 | AO57: =if(AO55="","",AO55+AN57) -> 0 | AP57: =if(AP55="","",AP55+AO57) -> 0 | AQ57: =if(AQ55="","",AQ55+AP57) -> -1 | AR57: =if(AR55="","",AR55+AQ57) -> 0 | AS57: =if(AS55="","",AS55+AR57) -> 0 | AT57: =if(AT55="","",AT55+AS57) -> 1
X58: Opposition Pts | Y58: =if(Y57="","",vlookup($W55,'Master Input'!$O$12:$R$18,'Master Input'!P$11,false)-Y57) -> 1 | Z58: =if(Z57="","",vlookup($W55,'Master Input'!$O$12:$R$18,'Master Input'!Q$11,false)-Z57) -> 0 | AA58: =if(AA57="","",vlookup($W55,'Master Input'!$O$12:$R$18,'Master Input'!R$11,false)-AA57) -> 0.5 | AB58: Holes Left Overall | AC58: 17 | AD58: 16 | AE58: 15 | AF58: 14 | AG58: 13 | AH58: 12 | AI58: 11 | AJ58: 10 | AK58: 9 | AL58: 8 | AM58: 7 | AN58: 6 | AO58: 5 | AP58: 4 | AQ58: 3 | AR58: 2 | AS58: 1 | AT58: 0
C59: 1 | D59: 2 | E59: 3 | F59: 4 | G59: 5 | H59: 6 | I59: 7 | J59: 8 | K59: 9 | L59: 10 | M59: 11 | N59: 12 | O59: 13 | P59: 14 | Q59: 15 | R59: 16 | S59: 17 | T59: 18 | AB59: Match Overall | AC59: =if(AC55="","",AC55) -> 1 | AD59: =if(AD55="","",AD55+AC59) -> 0 | AE59: =if(AE55="","",AE55+AD59) -> 1 | AF59: =if(AF55="","",AF55+AE59) -> 0 | AG59: =if(AG55="","",AG55+AF59) -> -1 | AH59: =if(AH55="","",AH55+AG59) -> -2 | AI59: =if(AI55="","",AI55+AH59) -> -2 | AJ59: =if(AJ55="","",AJ55+AI59) -> -2 | AK59: =if(AK55="","",AK55+AJ59) -> -1 | ... AT59: =if(AT55="","",AT55+AS59) -> 0
A62: =W63 -> R2_G1 | C62: Match 2 | K62: Thru | L62: =18-countif(AC64:AT64,"") -> 18 | Y62: Front | Z62: Back | AA62: Overall | AB62: Hole: | AC62: 1 | AD62: 2 | AE62: 3 | AF62: 4 | AG62: 5 | AH62: 6 | AI62: 7 | AJ62: 8 | AK62: 9 | AL62: 10 | AM62: 11 | AN62: 12 | AO62: 13 | AP62: 14 | AQ62: 15 | AR62: 16 | AS62: 17 | AT62: 18
C63: {=if(W65="top",indirect($W63&"!"&"A11"),indirect($W63&"!"&"A18"))} -> Andy | I63: Front | L63: Back | P63: {=if(W65="top",indirect($W63&"!"&"A8"),indirect($W63&"!"&"A15"))} -> R-Mac | W63: R2_G1 | X63: Base Team | Y63: =if(L62=0,"",sum(AC64:AK64)) -> 0 | Z63: =if(L62<10,"",sum(AL64:AT64)) -> 2 | AA63: =if(L62<10,"",sum(AC64:AT64)) -> 2 | AB63: VLOOKUP REF: | AC63: 4 | AD63: 5 | AE63: 6 | AF63: 7 | AG63: 8 | AH63: 9 | AI63: 10 | AJ63: 11 | AK63: 12 | AL63: 16 | AM63: 17 | AN63: 18 | AO63: 19 | AP63: 20 | AQ63: 21 | AR63: 22 | AS63: 23 | AT63: 24
I64: =if(and(Y65>0,Y63<>0,Y63<>"",Y66=""),abs(Y63)&" UP", if(abs(AG66)>AG65,abs(AG66)&"&"&AG65, if(abs(AH66)>AH65,abs(AH66)&"&"&AH65, if(abs(AI66)>AI65,abs(AI66)&"&"&AI65, if(abs(AJ66)>AJ65,abs(AJ66)&"&"&AJ65, if(abs(AK66)>AK65,abs(AK66)&"&"&AK65,"AS")))))) -> AS | L64: =if(and(Z65>0,Z63<>0,Z63<>"",Z66=""),abs(Z63)&" UP", if(abs(AP66)>AP65,abs(AP66)&"&"&AP65, if(abs(AQ66)>AQ65,abs(AQ66)&"&"&AQ65, if(abs(AR66)>AR65,abs(AR66)&"&"&AR65, if(abs(AS66)>AS65,abs(AS66)&"&"&AS65, if(abs(AT66)>AT65,abs(AT66)&"&"&AT65,"AS")))))) -> 2&0 | W64: =$L$50 -> Singles Matches | X64: Opposition | Y64: =if(L62=0,"",if(Y63=0,0,Y63*-1)) -> 0 | Z64: =if(L62<10,"",if(Z63=0,0,Z63*-1)) -> -2 | AA64: =if(L62<10,"",if(AA63=0,0,AA63*-1)) -> -2 | AB64: Hole Won/Lost: | AC64: =VLOOKUP($W65&" - Front",indirect($W63&"!"&"$B$28:$y$31"),AC63,false) -> -1 | AD64: =VLOOKUP($W65&" - Front",indirect($W63&"!"&"$B$28:$y$31"),AD63,false) -> 0 | AE64: =VLOOKUP($W65&" - Front",indirect($W63&"!"&"$B$28:$y$31"),AE63,false) -> 1 | AF64: =VLOOKUP($W65&" - Front",indirect($W63&"!"&"$B$28:$y$31"),AF63,false) -> 1 | AG64: =VLOOKUP($W65&" - Front",indirect($W63&"!"&"$B$28:$y$31"),AG63,false) -> 0 | AH64: =VLOOKUP($W65&" - Front",indirect($W63&"!"&"$B$28:$y$31"),AH63,false) -> 0 | AI64: =VLOOKUP($W65&" - Front",indirect($W63&"!"&"$B$28:$y$31"),AI63,false) -> -1 | AJ64: =VLOOKUP($W65&" - Front",indirect($W63&"!"&"$B$28:$y$31"),AJ63,false) -> 1 | ... AT64: =VLOOKUP($W65&" - Front",indirect($W63&"!"&"$B$28:$y$31"),AT63,false) -> 1
D65: Points | J65: Overall | Q65: Points | W65: Bottom | X65: Holes Left | Y65: {=(countif(indirect(W63&"!"&"$E$20:$M$20"),""))} -> 0 | Z65: {=(countif(indirect(W63&"!"&"$Q$20:$Y$20"),""))} -> 0 | AA65: {=(countif(indirect(W63&"!"&"$E$20:$M$20"),"")) +(countif(indirect(W63&"!"&"$Q$20:$Y$20"),""))} -> 0 | AB65: Holes Left Front Back | AC65: 8 | AD65: 7 | AE65: 6 | AF65: 5 | AG65: 4 | AH65: 3 | AI65: 2 | AJ65: 1 | AK65: 0 | AL65: 8 | AM65: 7 | AN65: 6 | AO65: 5 | AP65: 4 | AQ65: 3 | AR65: 2 | AS65: 1 | AT65: 0
D66: =if(Y67="","",sum(Y67:AA67)) -> 0.5 | J66: =if(and(AA65>0,AA63<>0,AA63<>"",AA66=""),abs(AA63)&" UP", if(abs(AG68)>AG67,abs(AG68)&"&"&AG67, if(abs(AH68)>AH67,abs(AH68)&"&"&AH67, if(abs(AI68)>AI67,abs(AI68)&"&"&AI67, if(abs(AJ68)>AJ67,abs(AJ68)&"&"&AJ67, if(abs(AK68)>AK67,abs(AK68)&"&"&AK67, if(abs(AL68)>AL67,abs(AL68)&"&"&AL67, if(abs(AM68)>AM67,abs(AM68)&"&"&AM67, if(abs(AN68)>AN67,abs(AN68)&"&"&AN67, if(abs(AO68)>AO67,abs(AO68)&"&"&AO67, if(abs(AP68)>AP67,abs(AP68)&"&"&AP67, if(abs(AQ68)>AQ67,abs(AQ68)&"&"&AQ67, if(abs(AR68)>AR67,abs(AR68)&"&"&AR67, if(abs(AS68)>AS67,abs(AS68)&"&"&AS67, if(abs(AT68)>AT67,abs(AT68)&"&"&AT67, "AS"))))))))))))))) -> 2&0 | Q66: =if(Y66="","",sum(Y66:AA66)) -> 2.5 | X66: Base Team Pts | Y66: =if(Y63="","",if(or(Y63>Y65,Y64>Y65,and(Y63=0,Y65=0)), if(Y63=0,vlookup($W64,'Master Input'!$O$12:$R$18,'Master Input'!P$11,false)/2, if(Y63>0,vlookup($W64,'Master Input'!$O$12:$R$18,'Master Input'!P$11,false), if(Y63<0,0,""))),"")) -> 0.5 | Z66: =if(Z63="","",if(or(Z63>Z65,Z64>Z65,and(Z63=0,Z65=0)), if(Z63=0,vlookup($W64,'Master Input'!$O$12:$R$18,'Master Input'!Q$11,false)/2, if(Z63>0,vlookup($W64,'Master Input'!$O$12:$R$18,'Master Input'!Q$11,false), if(Z63<0,0,""))),"")) -> 1 | AA66: =if(AA63="","",if(or(AA63>AA65,AA64>AA65,and(AA63=0,AA65=0)), if(AA63=0,vlookup($W64,'Master Input'!$O$12:$R$18,'Master Input'!R$11,false)/2, if(AA63>0,vlookup($W64,'Master Input'!$O$12:$R$18,'Master Input'!R$11,false), if(AA63<0,0,""))),"")) -> 1 | AB66: Match Front Back | AC66: =if(AC64="","",AC64) -> -1 | AD66: =if(AD64="","",AD64+AC66) -> -1 | AE66: =if(AE64="","",AE64+AD66) -> 0 | AF66: =if(AF64="","",AF64+AE66) -> 1 | AG66: =if(AG64="","",AG64+AF66) -> 1 | AH66: =if(AH64="","",AH64+AG66) -> 1 | AI66: =if(AI64="","",AI64+AH66) -> 0 | AJ66: =if(AJ64="","",AJ64+AI66) -> 1 | AK66: =if(AK64="","",AK64+AJ66) -> 0 | AL66: =if(AL64="","",AL64) -> -1 | AM66: =if(AM64="","",AM64+AL66) -> 0 | AN66: =if(AN64="","",AN64+AM66) -> 1 | AO66: =if(AO64="","",AO64+AN66) -> 0 | AP66: =if(AP64="","",AP64+AO66) -> 1 | AQ66: =if(AQ64="","",AQ64+AP66) -> 1 | AR66: =if(AR64="","",AR64+AQ66) -> 1 | AS66: =if(AS64="","",AS64+AR66) -> 1 | AT66: =if(AT64="","",AT64+AS66) -> 2
X67: Opposition Pts | Y67: =if(Y66="","",vlookup($W64,'Master Input'!$O$12:$R$18,'Master Input'!P$11,false)-Y66) -> 0.5 | Z67: =if(Z66="","",vlookup($W64,'Master Input'!$O$12:$R$18,'Master Input'!Q$11,false)-Z66) -> 0 | AA67: =if(AA66="","",vlookup($W64,'Master Input'!$O$12:$R$18,'Master Input'!R$11,false)-AA66) -> 0 | AB67: Holes Left Overall | AC67: 17 | AD67: 16 | AE67: 15 | AF67: 14 | AG67: 13 | AH67: 12 | AI67: 11 | AJ67: 10 | AK67: 9 | AL67: 8 | AM67: 7 | AN67: 6 | AO67: 5 | AP67: 4 | AQ67: 3 | AR67: 2 | AS67: 1 | AT67: 0
C68: 1 | D68: 2 | E68: 3 | F68: 4 | G68: 5 | H68: 6 | I68: 7 | J68: 8 | K68: 9 | L68: 10 | M68: 11 | N68: 12 | O68: 13 | P68: 14 | Q68: 15 | R68: 16 | S68: 17 | T68: 18 | AB68: Match Overall | AC68: =if(AC64="","",AC64) -> -1 | AD68: =if(AD64="","",AD64+AC68) -> -1 | AE68: =if(AE64="","",AE64+AD68) -> 0 | AF68: =if(AF64="","",AF64+AE68) -> 1 | AG68: =if(AG64="","",AG64+AF68) -> 1 | AH68: =if(AH64="","",AH64+AG68) -> 1 | AI68: =if(AI64="","",AI64+AH68) -> 0 | AJ68: =if(AJ64="","",AJ64+AI68) -> 1 | AK68: =if(AK64="","",AK64+AJ68) -> 0 | ... AT68: =if(AT64="","",AT64+AS68) -> 2
A71: =W72 -> R2_G2 | C71: Match 3 | K71: Thru | L71: =18-countif(AC73:AT73,"") -> 18 | Y71: Front | Z71: Back | AA71: Overall | AB71: Hole: | AC71: 1 | AD71: 2 | AE71: 3 | AF71: 4 | AG71: 5 | AH71: 6 | AI71: 7 | AJ71: 8 | AK71: 9 | AL71: 10 | AM71: 11 | AN71: 12 | AO71: 13 | AP71: 14 | AQ71: 15 | AR71: 16 | AS71: 17 | AT71: 18
C72: {=if(W74="top",indirect($W72&"!"&"A11"),indirect($W72&"!"&"A17"))} -> Pace | I72: Front | L72: Back | P72: {=if(W74="top",indirect($W72&"!"&"A8"),indirect($W72&"!"&"A14"))} -> Weezy | W72: R2_G2 | X72: Base Team | Y72: =if(L71=0,"",sum(AC73:AK73)) -> 1 | Z72: =if(L71<10,"",sum(AL73:AT73)) -> 0 | AA72: =if(L71<10,"",sum(AC73:AT73)) -> 1 | AB72: VLOOKUP REF: | AC72: 4 | AD72: 5 | AE72: 6 | AF72: 7 | AG72: 8 | AH72: 9 | AI72: 10 | AJ72: 11 | AK72: 12 | AL72: 16 | AM72: 17 | AN72: 18 | AO72: 19 | AP72: 20 | AQ72: 21 | AR72: 22 | AS72: 23 | AT72: 24
I73: =if(and(Y74>0,Y72<>0,Y72<>"",Y75=""),abs(Y72)&" UP", if(abs(AG75)>AG74,abs(AG75)&"&"&AG74, if(abs(AH75)>AH74,abs(AH75)&"&"&AH74, if(abs(AI75)>AI74,abs(AI75)&"&"&AI74, if(abs(AJ75)>AJ74,abs(AJ75)&"&"&AJ74, if(abs(AK75)>AK74,abs(AK75)&"&"&AK74,"AS")))))) -> 2&1 | L73: =if(and(Z74>0,Z72<>0,Z72<>"",Z75=""),abs(Z72)&" UP", if(abs(AP75)>AP74,abs(AP75)&"&"&AP74, if(abs(AQ75)>AQ74,abs(AQ75)&"&"&AQ74, if(abs(AR75)>AR74,abs(AR75)&"&"&AR74, if(abs(AS75)>AS74,abs(AS75)&"&"&AS74, if(abs(AT75)>AT74,abs(AT75)&"&"&AT74,"AS")))))) -> AS | W73: =$L$50 -> Singles Matches | X73: Opposition | Y73: =if(L71=0,"",if(Y72=0,0,Y72*-1)) -> -1 | Z73: =if(L71<10,"",if(Z72=0,0,Z72*-1)) -> 0 | AA73: =if(L71<10,"",if(AA72=0,0,AA72*-1)) -> -1 | AB73: Hole Won/Lost: | AC73: =VLOOKUP($W74&" - Front",indirect($W72&"!"&"$B$28:$y$31"),AC72,false) -> 1 | AD73: =VLOOKUP($W74&" - Front",indirect($W72&"!"&"$B$28:$y$31"),AD72,false) -> -1 | AE73: =VLOOKUP($W74&" - Front",indirect($W72&"!"&"$B$28:$y$31"),AE72,false) -> 0 | AF73: =VLOOKUP($W74&" - Front",indirect($W72&"!"&"$B$28:$y$31"),AF72,false) -> 1 | AG73: =VLOOKUP($W74&" - Front",indirect($W72&"!"&"$B$28:$y$31"),AG72,false) -> 1 | AH73: =VLOOKUP($W74&" - Front",indirect($W72&"!"&"$B$28:$y$31"),AH72,false) -> -1 | AI73: =VLOOKUP($W74&" - Front",indirect($W72&"!"&"$B$28:$y$31"),AI72,false) -> 1 | AJ73: =VLOOKUP($W74&" - Front",indirect($W72&"!"&"$B$28:$y$31"),AJ72,false) -> 0 | ... AT73: =VLOOKUP($W74&" - Front",indirect($W72&"!"&"$B$28:$y$31"),AT72,false) -> 1
D74: Points | J74: Overall | Q74: Points | W74: Top | X74: Holes Left | Y74: {=(countif(indirect(W72&"!"&"$E$20:$M$20"),""))} -> 0 | Z74: {=(countif(indirect(W72&"!"&"$Q$20:$Y$20"),""))} -> 0 | AA74: {=(countif(indirect(W72&"!"&"$E$20:$M$20"),"")) +(countif(indirect(W72&"!"&"$Q$20:$Y$20"),""))} -> 0 | AB74: Holes Left Front Back | AC74: 8 | AD74: 7 | AE74: 6 | AF74: 5 | AG74: 4 | AH74: 3 | AI74: 2 | AJ74: 1 | AK74: 0 | AL74: 8 | AM74: 7 | AN74: 6 | AO74: 5 | AP74: 4 | AQ74: 3 | AR74: 2 | AS74: 1 | AT74: 0
D75: =if(Y76="","",sum(Y76:AA76)) -> 0.5 | J75: =if(and(AA74>0,AA72<>0,AA72<>"",AA75=""),abs(AA72)&" UP", if(abs(AG77)>AG76,abs(AG77)&"&"&AG76, if(abs(AH77)>AH76,abs(AH77)&"&"&AH76, if(abs(AI77)>AI76,abs(AI77)&"&"&AI76, if(abs(AJ77)>AJ76,abs(AJ77)&"&"&AJ76, if(abs(AK77)>AK76,abs(AK77)&"&"&AK76, if(abs(AL77)>AL76,abs(AL77)&"&"&AL76, if(abs(AM77)>AM76,abs(AM77)&"&"&AM76, if(abs(AN77)>AN76,abs(AN77)&"&"&AN76, if(abs(AO77)>AO76,abs(AO77)&"&"&AO76, if(abs(AP77)>AP76,abs(AP77)&"&"&AP76, if(abs(AQ77)>AQ76,abs(AQ77)&"&"&AQ76, if(abs(AR77)>AR76,abs(AR77)&"&"&AR76, if(abs(AS77)>AS76,abs(AS77)&"&"&AS76, if(abs(AT77)>AT76,abs(AT77)&"&"&AT76, "AS"))))))))))))))) -> 1&0 | Q75: =if(Y75="","",sum(Y75:AA75)) -> 2.5 | X75: Base Team Pts | Y75: =if(Y72="","",if(or(Y72>Y74,Y73>Y74,and(Y72=0,Y74=0)), if(Y72=0,vlookup($W73,'Master Input'!$O$12:$R$18,'Master Input'!P$11,false)/2, if(Y72>0,vlookup($W73,'Master Input'!$O$12:$R$18,'Master Input'!P$11,false), if(Y72<0,0,""))),"")) -> 1 | Z75: =if(Z72="","",if(or(Z72>Z74,Z73>Z74,and(Z72=0,Z74=0)), if(Z72=0,vlookup($W73,'Master Input'!$O$12:$R$18,'Master Input'!Q$11,false)/2, if(Z72>0,vlookup($W73,'Master Input'!$O$12:$R$18,'Master Input'!Q$11,false), if(Z72<0,0,""))),"")) -> 0.5 | AA75: =if(AA72="","",if(or(AA72>AA74,AA73>AA74,and(AA72=0,AA74=0)), if(AA72=0,vlookup($W73,'Master Input'!$O$12:$R$18,'Master Input'!R$11,false)/2, if(AA72>0,vlookup($W73,'Master Input'!$O$12:$R$18,'Master Input'!R$11,false), if(AA72<0,0,""))),"")) -> 1 | AB75: Match Front Back | AC75: =if(AC73="","",AC73) -> 1 | AD75: =if(AD73="","",AD73+AC75) -> 0 | AE75: =if(AE73="","",AE73+AD75) -> 0 | AF75: =if(AF73="","",AF73+AE75) -> 1 | AG75: =if(AG73="","",AG73+AF75) -> 2 | AH75: =if(AH73="","",AH73+AG75) -> 1 | AI75: =if(AI73="","",AI73+AH75) -> 2 | AJ75: =if(AJ73="","",AJ73+AI75) -> 2 | AK75: =if(AK73="","",AK73+AJ75) -> 1 | AL75: =if(AL73="","",AL73) -> 1 | AM75: =if(AM73="","",AM73+AL75) -> 2 | AN75: =if(AN73="","",AN73+AM75) -> 1 | AO75: =if(AO73="","",AO73+AN75) -> 0 | AP75: =if(AP73="","",AP73+AO75) -> -1 | AQ75: =if(AQ73="","",AQ73+AP75) -> -1 | AR75: =if(AR73="","",AR73+AQ75) -> -2 | AS75: =if(AS73="","",AS73+AR75) -> -1 | AT75: =if(AT73="","",AT73+AS75) -> 0
X76: Opposition Pts | Y76: =if(Y75="","",vlookup($W73,'Master Input'!$O$12:$R$18,'Master Input'!P$11,false)-Y75) -> 0 | Z76: =if(Z75="","",vlookup($W73,'Master Input'!$O$12:$R$18,'Master Input'!Q$11,false)-Z75) -> 0.5 | AA76: =if(AA75="","",vlookup($W73,'Master Input'!$O$12:$R$18,'Master Input'!R$11,false)-AA75) -> 0 | AB76: Holes Left Overall | AC76: 17 | AD76: 16 | AE76: 15 | AF76: 14 | AG76: 13 | AH76: 12 | AI76: 11 | AJ76: 10 | AK76: 9 | AL76: 8 | AM76: 7 | AN76: 6 | AO76: 5 | AP76: 4 | AQ76: 3 | AR76: 2 | AS76: 1 | AT76: 0
C77: 1 | D77: 2 | E77: 3 | F77: 4 | G77: 5 | H77: 6 | I77: 7 | J77: 8 | K77: 9 | L77: 10 | M77: 11 | N77: 12 | O77: 13 | P77: 14 | Q77: 15 | R77: 16 | S77: 17 | T77: 18 | AB77: Match Overall | AC77: =if(AC73="","",AC73) -> 1 | AD77: =if(AD73="","",AD73+AC77) -> 0 | AE77: =if(AE73="","",AE73+AD77) -> 0 | AF77: =if(AF73="","",AF73+AE77) -> 1 | AG77: =if(AG73="","",AG73+AF77) -> 2 | AH77: =if(AH73="","",AH73+AG77) -> 1 | AI77: =if(AI73="","",AI73+AH77) -> 2 | AJ77: =if(AJ73="","",AJ73+AI77) -> 2 | AK77: =if(AK73="","",AK73+AJ77) -> 1 | ... AT77: =if(AT73="","",AT73+AS77) -> 1
A80: =W81 -> R2_G2 | C80: Match 4 | K80: Thru | L80: =18-countif(AC82:AT82,"") -> 18 | Y80: Front | Z80: Back | AA80: Overall | AB80: Hole: | AC80: 1 | AD80: 2 | AE80: 3 | AF80: 4 | AG80: 5 | AH80: 6 | AI80: 7 | AJ80: 8 | AK80: 9 | AL80: 10 | AM80: 11 | AN80: 12 | AO80: 13 | AP80: 14 | AQ80: 15 | AR80: 16 | AS80: 17 | AT80: 18
C81: {=if(W83="top",indirect($W81&"!"&"A11"),indirect($W81&"!"&"A18"))} -> House | I81: Front | L81: Back | P81: {=if(W83="top",indirect($W81&"!"&"A8"),indirect($W81&"!"&"A15"))} -> T-Mo | W81: R2_G2 | X81: Base Team | Y81: =if(L80=0,"",sum(AC82:AK82)) -> 1 | Z81: =if(L80<10,"",sum(AL82:AT82)) -> 1 | AA81: =if(L80<10,"",sum(AC82:AT82)) -> 2 | AB81: VLOOKUP REF: | AC81: 4 | AD81: 5 | AE81: 6 | AF81: 7 | AG81: 8 | AH81: 9 | AI81: 10 | AJ81: 11 | AK81: 12 | AL81: 16 | AM81: 17 | AN81: 18 | AO81: 19 | AP81: 20 | AQ81: 21 | AR81: 22 | AS81: 23 | AT81: 24
I82: =if(and(Y83>0,Y81<>0,Y81<>"",Y84=""),abs(Y81)&" UP", if(abs(AG84)>AG83,abs(AG84)&"&"&AG83, if(abs(AH84)>AH83,abs(AH84)&"&"&AH83, if(abs(AI84)>AI83,abs(AI84)&"&"&AI83, if(abs(AJ84)>AJ83,abs(AJ84)&"&"&AJ83, if(abs(AK84)>AK83,abs(AK84)&"&"&AK83,"AS")))))) -> 1&0 | L82: =if(and(Z83>0,Z81<>0,Z81<>"",Z84=""),abs(Z81)&" UP", if(abs(AP84)>AP83,abs(AP84)&"&"&AP83, if(abs(AQ84)>AQ83,abs(AQ84)&"&"&AQ83, if(abs(AR84)>AR83,abs(AR84)&"&"&AR83, if(abs(AS84)>AS83,abs(AS84)&"&"&AS83, if(abs(AT84)>AT83,abs(AT84)&"&"&AT83,"AS")))))) -> 1&0 | W82: =$L$50 -> Singles Matches | X82: Opposition | Y82: =if(L80=0,"",if(Y81=0,0,Y81*-1)) -> -1 | Z82: =if(L80<10,"",if(Z81=0,0,Z81*-1)) -> -1 | AA82: =if(L80<10,"",if(AA81=0,0,AA81*-1)) -> -2 | AB82: Hole Won/Lost: | AC82: =VLOOKUP($W83&" - Front",indirect($W81&"!"&"$B$28:$y$31"),AC81,false) -> -1 | AD82: =VLOOKUP($W83&" - Front",indirect($W81&"!"&"$B$28:$y$31"),AD81,false) -> 0 | AE82: =VLOOKUP($W83&" - Front",indirect($W81&"!"&"$B$28:$y$31"),AE81,false) -> 0 | AF82: =VLOOKUP($W83&" - Front",indirect($W81&"!"&"$B$28:$y$31"),AF81,false) -> -1 | AG82: =VLOOKUP($W83&" - Front",indirect($W81&"!"&"$B$28:$y$31"),AG81,false) -> 1 | AH82: =VLOOKUP($W83&" - Front",indirect($W81&"!"&"$B$28:$y$31"),AH81,false) -> 0 | AI82: =VLOOKUP($W83&" - Front",indirect($W81&"!"&"$B$28:$y$31"),AI81,false) -> 0 | AJ82: =VLOOKUP($W83&" - Front",indirect($W81&"!"&"$B$28:$y$31"),AJ81,false) -> 1 | ... AT82: =VLOOKUP($W83&" - Front",indirect($W81&"!"&"$B$28:$y$31"),AT81,false) -> 0
D83: Points | J83: Overall | Q83: Points | W83: Bottom | X83: Holes Left | Y83: {=(countif(indirect(W81&"!"&"$E$20:$M$20"),""))} -> 0 | Z83: {=(countif(indirect(W81&"!"&"$Q$20:$Y$20"),""))} -> 0 | AA83: {=(countif(indirect(W81&"!"&"$E$20:$M$20"),"")) +(countif(indirect(W81&"!"&"$Q$20:$Y$20"),""))} -> 0 | AB83: Holes Left Front Back | AC83: 8 | AD83: 7 | AE83: 6 | AF83: 5 | AG83: 4 | AH83: 3 | AI83: 2 | AJ83: 1 | AK83: 0 | AL83: 8 | AM83: 7 | AN83: 6 | AO83: 5 | AP83: 4 | AQ83: 3 | AR83: 2 | AS83: 1 | AT83: 0
D84: =if(Y85="","",sum(Y85:AA85)) -> 0 | J84: =if(and(AA83>0,AA81<>0,AA81<>"",AA84=""),abs(AA81)&" UP", if(abs(AG86)>AG85,abs(AG86)&"&"&AG85, if(abs(AH86)>AH85,abs(AH86)&"&"&AH85, if(abs(AI86)>AI85,abs(AI86)&"&"&AI85, if(abs(AJ86)>AJ85,abs(AJ86)&"&"&AJ85, if(abs(AK86)>AK85,abs(AK86)&"&"&AK85, if(abs(AL86)>AL85,abs(AL86)&"&"&AL85, if(abs(AM86)>AM85,abs(AM86)&"&"&AM85, if(abs(AN86)>AN85,abs(AN86)&"&"&AN85, if(abs(AO86)>AO85,abs(AO86)&"&"&AO85, if(abs(AP86)>AP85,abs(AP86)&"&"&AP85, if(abs(AQ86)>AQ85,abs(AQ86)&"&"&AQ85, if(abs(AR86)>AR85,abs(AR86)&"&"&AR85, if(abs(AS86)>AS85,abs(AS86)&"&"&AS85, if(abs(AT86)>AT85,abs(AT86)&"&"&AT85, "AS"))))))))))))))) -> 2&1 | Q84: =if(Y84="","",sum(Y84:AA84)) -> 3 | X84: Base Team Pts | Y84: =if(Y81="","",if(or(Y81>Y83,Y82>Y83,and(Y81=0,Y83=0)), if(Y81=0,vlookup($W82,'Master Input'!$O$12:$R$18,'Master Input'!P$11,false)/2, if(Y81>0,vlookup($W82,'Master Input'!$O$12:$R$18,'Master Input'!P$11,false), if(Y81<0,0,""))),"")) -> 1 | Z84: =if(Z81="","",if(or(Z81>Z83,Z82>Z83,and(Z81=0,Z83=0)), if(Z81=0,vlookup($W82,'Master Input'!$O$12:$R$18,'Master Input'!Q$11,false)/2, if(Z81>0,vlookup($W82,'Master Input'!$O$12:$R$18,'Master Input'!Q$11,false), if(Z81<0,0,""))),"")) -> 1 | AA84: =if(AA81="","",if(or(AA81>AA83,AA82>AA83,and(AA81=0,AA83=0)), if(AA81=0,vlookup($W82,'Master Input'!$O$12:$R$18,'Master Input'!R$11,false)/2, if(AA81>0,vlookup($W82,'Master Input'!$O$12:$R$18,'Master Input'!R$11,false), if(AA81<0,0,""))),"")) -> 1 | AB84: Match Front Back | AC84: =if(AC82="","",AC82) -> -1 | AD84: =if(AD82="","",AD82+AC84) -> -1 | AE84: =if(AE82="","",AE82+AD84) -> -1 | AF84: =if(AF82="","",AF82+AE84) -> -2 | AG84: =if(AG82="","",AG82+AF84) -> -1 | AH84: =if(AH82="","",AH82+AG84) -> -1 | AI84: =if(AI82="","",AI82+AH84) -> -1 | AJ84: =if(AJ82="","",AJ82+AI84) -> 0 | AK84: =if(AK82="","",AK82+AJ84) -> 1 | AL84: =if(AL82="","",AL82) -> 0 | AM84: =if(AM82="","",AM82+AL84) -> -1 | AN84: =if(AN82="","",AN82+AM84) -> 0 | AO84: =if(AO82="","",AO82+AN84) -> 1 | AP84: =if(AP82="","",AP82+AO84) -> 1 | AQ84: =if(AQ82="","",AQ82+AP84) -> 0 | AR84: =if(AR82="","",AR82+AQ84) -> 0 | AS84: =if(AS82="","",AS82+AR84) -> 1 | AT84: =if(AT82="","",AT82+AS84) -> 1
X85: Opposition Pts | Y85: =if(Y84="","",vlookup($W82,'Master Input'!$O$12:$R$18,'Master Input'!P$11,false)-Y84) -> 0 | Z85: =if(Z84="","",vlookup($W82,'Master Input'!$O$12:$R$18,'Master Input'!Q$11,false)-Z84) -> 0 | AA85: =if(AA84="","",vlookup($W82,'Master Input'!$O$12:$R$18,'Master Input'!R$11,false)-AA84) -> 0 | AB85: Holes Left Overall | AC85: 17 | AD85: 16 | AE85: 15 | AF85: 14 | AG85: 13 | AH85: 12 | AI85: 11 | AJ85: 10 | AK85: 9 | AL85: 8 | AM85: 7 | AN85: 6 | AO85: 5 | AP85: 4 | AQ85: 3 | AR85: 2 | AS85: 1 | AT85: 0
C86: 1 | D86: 2 | E86: 3 | F86: 4 | G86: 5 | H86: 6 | I86: 7 | J86: 8 | K86: 9 | L86: 10 | M86: 11 | N86: 12 | O86: 13 | P86: 14 | Q86: 15 | R86: 16 | S86: 17 | T86: 18 | AB86: Match Overall | AC86: =if(AC82="","",AC82) -> -1 | AD86: =if(AD82="","",AD82+AC86) -> -1 | AE86: =if(AE82="","",AE82+AD86) -> -1 | AF86: =if(AF82="","",AF82+AE86) -> -2 | AG86: =if(AG82="","",AG82+AF86) -> -1 | AH86: =if(AH82="","",AH82+AG86) -> -1 | AI86: =if(AI82="","",AI82+AH86) -> -1 | AJ86: =if(AJ82="","",AJ82+AI86) -> 0 | AK86: =if(AK82="","",AK82+AJ86) -> 1 | ... AT86: =if(AT82="","",AT82+AS86) -> 2
A89: =W90 -> R2_G3 | C89: Match 5 | K89: Thru | L89: =18-countif(AC91:AT91,"") -> 18 | Y89: Front | Z89: Back | AA89: Overall | AB89: Hole: | AC89: 1 | AD89: 2 | AE89: 3 | AF89: 4 | AG89: 5 | AH89: 6 | AI89: 7 | AJ89: 8 | AK89: 9 | AL89: 10 | AM89: 11 | AN89: 12 | AO89: 13 | AP89: 14 | AQ89: 15 | AR89: 16 | AS89: 17 | AT89: 18
C90: {=if(W92="top",indirect($W90&"!"&"A11"),indirect($W90&"!"&"A17"))} -> Jensen | I90: Front | L90: Back | P90: {=if(W92="top",indirect($W90&"!"&"A8"),indirect($W90&"!"&"A14"))} -> KJ | W90: R2_G3 | X90: Base Team | Y90: =if(L89=0,"",sum(AC91:AK91)) -> -3 | Z90: =if(L89<10,"",sum(AL91:AT91)) -> 4 | AA90: =if(L89<10,"",sum(AC91:AT91)) -> 1 | AB90: VLOOKUP REF: | AC90: 4 | AD90: 5 | AE90: 6 | AF90: 7 | AG90: 8 | AH90: 9 | AI90: 10 | AJ90: 11 | AK90: 12 | AL90: 16 | AM90: 17 | AN90: 18 | AO90: 19 | AP90: 20 | AQ90: 21 | AR90: 22 | AS90: 23 | AT90: 24
I91: =if(and(Y92>0,Y90<>0,Y90<>"",Y93=""),abs(Y90)&" UP", if(abs(AG93)>AG92,abs(AG93)&"&"&AG92, if(abs(AH93)>AH92,abs(AH93)&"&"&AH92, if(abs(AI93)>AI92,abs(AI93)&"&"&AI92, if(abs(AJ93)>AJ92,abs(AJ93)&"&"&AJ92, if(abs(AK93)>AK92,abs(AK93)&"&"&AK92,"AS")))))) -> 3&1 | L91: =if(and(Z92>0,Z90<>0,Z90<>"",Z93=""),abs(Z90)&" UP", if(abs(AP93)>AP92,abs(AP93)&"&"&AP92, if(abs(AQ93)>AQ92,abs(AQ93)&"&"&AQ92, if(abs(AR93)>AR92,abs(AR93)&"&"&AR92, if(abs(AS93)>AS92,abs(AS93)&"&"&AS92, if(abs(AT93)>AT92,abs(AT93)&"&"&AT92,"AS")))))) -> 3&1 | W91: =$L$50 -> Singles Matches | X91: Opposition | Y91: =if(L89=0,"",if(Y90=0,0,Y90*-1)) -> 3 | Z91: =if(L89<10,"",if(Z90=0,0,Z90*-1)) -> -4 | AA91: =if(L89<10,"",if(AA90=0,0,AA90*-1)) -> -1 | AB91: Hole Won/Lost: | AC91: =VLOOKUP($W92&" - Front",indirect($W90&"!"&"$B$28:$y$31"),AC90,false) -> -1 | AD91: =VLOOKUP($W92&" - Front",indirect($W90&"!"&"$B$28:$y$31"),AD90,false) -> 0 | AE91: =VLOOKUP($W92&" - Front",indirect($W90&"!"&"$B$28:$y$31"),AE90,false) -> 0 | AF91: =VLOOKUP($W92&" - Front",indirect($W90&"!"&"$B$28:$y$31"),AF90,false) -> 1 | AG91: =VLOOKUP($W92&" - Front",indirect($W90&"!"&"$B$28:$y$31"),AG90,false) -> 0 | AH91: =VLOOKUP($W92&" - Front",indirect($W90&"!"&"$B$28:$y$31"),AH90,false) -> -1 | AI91: =VLOOKUP($W92&" - Front",indirect($W90&"!"&"$B$28:$y$31"),AI90,false) -> -1 | AJ91: =VLOOKUP($W92&" - Front",indirect($W90&"!"&"$B$28:$y$31"),AJ90,false) -> -1 | ... AT91: =VLOOKUP($W92&" - Front",indirect($W90&"!"&"$B$28:$y$31"),AT90,false) -> 1
D92: Points | J92: Overall | Q92: Points | W92: Top | X92: Holes Left | Y92: {=(countif(indirect(W90&"!"&"$E$20:$M$20"),""))} -> 0 | Z92: {=(countif(indirect(W90&"!"&"$Q$20:$Y$20"),""))} -> 0 | AA92: {=(countif(indirect(W90&"!"&"$E$20:$M$20"),"")) +(countif(indirect(W90&"!"&"$Q$20:$Y$20"),""))} -> 0 | AB92: Holes Left Front Back | AC92: 8 | AD92: 7 | AE92: 6 | AF92: 5 | AG92: 4 | AH92: 3 | AI92: 2 | AJ92: 1 | AK92: 0 | AL92: 8 | AM92: 7 | AN92: 6 | AO92: 5 | AP92: 4 | AQ92: 3 | AR92: 2 | AS92: 1 | AT92: 0
D93: =if(Y94="","",sum(Y94:AA94)) -> 1 | J93: =if(and(AA92>0,AA90<>0,AA90<>"",AA93=""),abs(AA90)&" UP", if(abs(AG95)>AG94,abs(AG95)&"&"&AG94, if(abs(AH95)>AH94,abs(AH95)&"&"&AH94, if(abs(AI95)>AI94,abs(AI95)&"&"&AI94, if(abs(AJ95)>AJ94,abs(AJ95)&"&"&AJ94, if(abs(AK95)>AK94,abs(AK95)&"&"&AK94, if(abs(AL95)>AL94,abs(AL95)&"&"&AL94, if(abs(AM95)>AM94,abs(AM95)&"&"&AM94, if(abs(AN95)>AN94,abs(AN95)&"&"&AN94, if(abs(AO95)>AO94,abs(AO95)&"&"&AO94, if(abs(AP95)>AP94,abs(AP95)&"&"&AP94, if(abs(AQ95)>AQ94,abs(AQ95)&"&"&AQ94, if(abs(AR95)>AR94,abs(AR95)&"&"&AR94, if(abs(AS95)>AS94,abs(AS95)&"&"&AS94, if(abs(AT95)>AT94,abs(AT95)&"&"&AT94, "AS"))))))))))))))) -> 1&0 | Q93: =if(Y93="","",sum(Y93:AA93)) -> 2 | X93: Base Team Pts | Y93: =if(Y90="","",if(or(Y90>Y92,Y91>Y92,and(Y90=0,Y92=0)), if(Y90=0,vlookup($W91,'Master Input'!$O$12:$R$18,'Master Input'!P$11,false)/2, if(Y90>0,vlookup($W91,'Master Input'!$O$12:$R$18,'Master Input'!P$11,false), if(Y90<0,0,""))),"")) -> 0 | Z93: =if(Z90="","",if(or(Z90>Z92,Z91>Z92,and(Z90=0,Z92=0)), if(Z90=0,vlookup($W91,'Master Input'!$O$12:$R$18,'Master Input'!Q$11,false)/2, if(Z90>0,vlookup($W91,'Master Input'!$O$12:$R$18,'Master Input'!Q$11,false), if(Z90<0,0,""))),"")) -> 1 | AA93: =if(AA90="","",if(or(AA90>AA92,AA91>AA92,and(AA90=0,AA92=0)), if(AA90=0,vlookup($W91,'Master Input'!$O$12:$R$18,'Master Input'!R$11,false)/2, if(AA90>0,vlookup($W91,'Master Input'!$O$12:$R$18,'Master Input'!R$11,false), if(AA90<0,0,""))),"")) -> 1 | AB93: Match Front Back | AC93: =if(AC91="","",AC91) -> -1 | AD93: =if(AD91="","",AD91+AC93) -> -1 | AE93: =if(AE91="","",AE91+AD93) -> -1 | AF93: =if(AF91="","",AF91+AE93) -> 0 | AG93: =if(AG91="","",AG91+AF93) -> 0 | AH93: =if(AH91="","",AH91+AG93) -> -1 | AI93: =if(AI91="","",AI91+AH93) -> -2 | AJ93: =if(AJ91="","",AJ91+AI93) -> -3 | AK93: =if(AK91="","",AK91+AJ93) -> -3 | AL93: =if(AL91="","",AL91) -> -1 | AM93: =if(AM91="","",AM91+AL93) -> -1 | AN93: =if(AN91="","",AN91+AM93) -> -1 | AO93: =if(AO91="","",AO91+AN93) -> 0 | AP93: =if(AP91="","",AP91+AO93) -> 1 | AQ93: =if(AQ91="","",AQ91+AP93) -> 1 | AR93: =if(AR91="","",AR91+AQ93) -> 2 | AS93: =if(AS91="","",AS91+AR93) -> 3 | AT93: =if(AT91="","",AT91+AS93) -> 4
X94: Opposition Pts | Y94: =if(Y93="","",vlookup($W91,'Master Input'!$O$12:$R$18,'Master Input'!P$11,false)-Y93) -> 1 | Z94: =if(Z93="","",vlookup($W91,'Master Input'!$O$12:$R$18,'Master Input'!Q$11,false)-Z93) -> 0 | AA94: =if(AA93="","",vlookup($W91,'Master Input'!$O$12:$R$18,'Master Input'!R$11,false)-AA93) -> 0 | AB94: Holes Left Overall | AC94: 17 | AD94: 16 | AE94: 15 | AF94: 14 | AG94: 13 | AH94: 12 | AI94: 11 | AJ94: 10 | AK94: 9 | AL94: 8 | AM94: 7 | AN94: 6 | AO94: 5 | AP94: 4 | AQ94: 3 | AR94: 2 | AS94: 1 | AT94: 0
C95: 1 | D95: 2 | E95: 3 | F95: 4 | G95: 5 | H95: 6 | I95: 7 | J95: 8 | K95: 9 | L95: 10 | M95: 11 | N95: 12 | O95: 13 | P95: 14 | Q95: 15 | R95: 16 | S95: 17 | T95: 18 | AB95: Match Overall | AC95: =if(AC91="","",AC91) -> -1 | AD95: =if(AD91="","",AD91+AC95) -> -1 | AE95: =if(AE91="","",AE91+AD95) -> -1 | AF95: =if(AF91="","",AF91+AE95) -> 0 | AG95: =if(AG91="","",AG91+AF95) -> 0 | AH95: =if(AH91="","",AH91+AG95) -> -1 | AI95: =if(AI91="","",AI91+AH95) -> -2 | AJ95: =if(AJ91="","",AJ91+AI95) -> -3 | AK95: =if(AK91="","",AK91+AJ95) -> -3 | ... AT95: =if(AT91="","",AT91+AS95) -> 1
A98: =W99 -> R2_G3 | C98: Match 6 | K98: Thru | L98: =18-countif(AC100:AT100,"") -> 18 | Y98: Front | Z98: Back | AA98: Overall | AB98: Hole: | AC98: 1 | AD98: 2 | AE98: 3 | AF98: 4 | AG98: 5 | AH98: 6 | AI98: 7 | AJ98: 8 | AK98: 9 | AL98: 10 | AM98: 11 | AN98: 12 | AO98: 13 | AP98: 14 | AQ98: 15 | AR98: 16 | AS98: 17 | AT98: 18
C99: {=if(W101="top",indirect($W99&"!"&"A11"),indirect($W99&"!"&"A18"))} -> DK | I99: Front | L99: Back | P99: {=if(W101="top",indirect($W99&"!"&"A8"),indirect($W99&"!"&"A15"))} -> TJSC | W99: R2_G3 | X99: Base Team | Y99: =if(L98=0,"",sum(AC100:AK100)) -> -1 | Z99: =if(L98<10,"",sum(AL100:AT100)) -> -1 | AA99: =if(L98<10,"",sum(AC100:AT100)) -> -2 | AB99: VLOOKUP REF: | AC99: 4 | AD99: 5 | AE99: 6 | AF99: 7 | AG99: 8 | AH99: 9 | AI99: 10 | AJ99: 11 | AK99: 12 | AL99: 16 | AM99: 17 | AN99: 18 | AO99: 19 | AP99: 20 | AQ99: 21 | AR99: 22 | AS99: 23 | AT99: 24
I100: =if(and(Y101>0,Y99<>0,Y99<>"",Y102=""),abs(Y99)&" UP", if(abs(AG102)>AG101,abs(AG102)&"&"&AG101, if(abs(AH102)>AH101,abs(AH102)&"&"&AH101, if(abs(AI102)>AI101,abs(AI102)&"&"&AI101, if(abs(AJ102)>AJ101,abs(AJ102)&"&"&AJ101, if(abs(AK102)>AK101,abs(AK102)&"&"&AK101,"AS")))))) -> 1&0 | L100: =if(and(Z101>0,Z99<>0,Z99<>"",Z102=""),abs(Z99)&" UP", if(abs(AP102)>AP101,abs(AP102)&"&"&AP101, if(abs(AQ102)>AQ101,abs(AQ102)&"&"&AQ101, if(abs(AR102)>AR101,abs(AR102)&"&"&AR101, if(abs(AS102)>AS101,abs(AS102)&"&"&AS101, if(abs(AT102)>AT101,abs(AT102)&"&"&AT101,"AS")))))) -> 2&1 | W100: =$L$50 -> Singles Matches | X100: Opposition | Y100: =if(L98=0,"",if(Y99=0,0,Y99*-1)) -> 1 | Z100: =if(L98<10,"",if(Z99=0,0,Z99*-1)) -> 1 | AA100: =if(L98<10,"",if(AA99=0,0,AA99*-1)) -> 2 | AB100: Hole Won/Lost: | AC100: =VLOOKUP($W101&" - Front",indirect($W99&"!"&"$B$28:$y$31"),AC99,false) -> -1 | AD100: =VLOOKUP($W101&" - Front",indirect($W99&"!"&"$B$28:$y$31"),AD99,false) -> 1 | AE100: =VLOOKUP($W101&" - Front",indirect($W99&"!"&"$B$28:$y$31"),AE99,false) -> 0 | AF100: =VLOOKUP($W101&" - Front",indirect($W99&"!"&"$B$28:$y$31"),AF99,false) -> 1 | AG100: =VLOOKUP($W101&" - Front",indirect($W99&"!"&"$B$28:$y$31"),AG99,false) -> 1 | AH100: =VLOOKUP($W101&" - Front",indirect($W99&"!"&"$B$28:$y$31"),AH99,false) -> -1 | AI100: =VLOOKUP($W101&" - Front",indirect($W99&"!"&"$B$28:$y$31"),AI99,false) -> 0 | AJ100: =VLOOKUP($W101&" - Front",indirect($W99&"!"&"$B$28:$y$31"),AJ99,false) -> -1 | ... AT100: =VLOOKUP($W101&" - Front",indirect($W99&"!"&"$B$28:$y$31"),AT99,false) -> 1
D101: Points | J101: Overall | Q101: Points | W101: Bottom | X101: Holes Left | Y101: {=(countif(indirect(W99&"!"&"$E$20:$M$20"),""))} -> 0 | Z101: {=(countif(indirect(W99&"!"&"$Q$20:$Y$20"),""))} -> 0 | AA101: {=(countif(indirect(W99&"!"&"$E$20:$M$20"),"")) +(countif(indirect(W99&"!"&"$Q$20:$Y$20"),""))} -> 0 | AB101: Holes Left Front Back | AC101: 8 | AD101: 7 | AE101: 6 | AF101: 5 | AG101: 4 | AH101: 3 | AI101: 2 | AJ101: 1 | AK101: 0 | AL101: 8 | AM101: 7 | AN101: 6 | AO101: 5 | AP101: 4 | AQ101: 3 | AR101: 2 | AS101: 1 | AT101: 0
D102: =if(Y103="","",sum(Y103:AA103)) -> 3 | J102: =if(and(AA101>0,AA99<>0,AA99<>"",AA102=""),abs(AA99)&" UP", if(abs(AG104)>AG103,abs(AG104)&"&"&AG103, if(abs(AH104)>AH103,abs(AH104)&"&"&AH103, if(abs(AI104)>AI103,abs(AI104)&"&"&AI103, if(abs(AJ104)>AJ103,abs(AJ104)&"&"&AJ103, if(abs(AK104)>AK103,abs(AK104)&"&"&AK103, if(abs(AL104)>AL103,abs(AL104)&"&"&AL103, if(abs(AM104)>AM103,abs(AM104)&"&"&AM103, if(abs(AN104)>AN103,abs(AN104)&"&"&AN103, if(abs(AO104)>AO103,abs(AO104)&"&"&AO103, if(abs(AP104)>AP103,abs(AP104)&"&"&AP103, if(abs(AQ104)>AQ103,abs(AQ104)&"&"&AQ103, if(abs(AR104)>AR103,abs(AR104)&"&"&AR103, if(abs(AS104)>AS103,abs(AS104)&"&"&AS103, if(abs(AT104)>AT103,abs(AT104)&"&"&AT103, "AS"))))))))))))))) -> 3&1 | Q102: =if(Y102="","",sum(Y102:AA102)) -> 0 | X102: Base Team Pts | Y102: =if(Y99="","",if(or(Y99>Y101,Y100>Y101,and(Y99=0,Y101=0)), if(Y99=0,vlookup($W100,'Master Input'!$O$12:$R$18,'Master Input'!P$11,false)/2, if(Y99>0,vlookup($W100,'Master Input'!$O$12:$R$18,'Master Input'!P$11,false), if(Y99<0,0,""))),"")) -> 0 | Z102: =if(Z99="","",if(or(Z99>Z101,Z100>Z101,and(Z99=0,Z101=0)), if(Z99=0,vlookup($W100,'Master Input'!$O$12:$R$18,'Master Input'!Q$11,false)/2, if(Z99>0,vlookup($W100,'Master Input'!$O$12:$R$18,'Master Input'!Q$11,false), if(Z99<0,0,""))),"")) -> 0 | AA102: =if(AA99="","",if(or(AA99>AA101,AA100>AA101,and(AA99=0,AA101=0)), if(AA99=0,vlookup($W100,'Master Input'!$O$12:$R$18,'Master Input'!R$11,false)/2, if(AA99>0,vlookup($W100,'Master Input'!$O$12:$R$18,'Master Input'!R$11,false), if(AA99<0,0,""))),"")) -> 0 | AB102: Match Front Back | AC102: =if(AC100="","",AC100) -> -1 | AD102: =if(AD100="","",AD100+AC102) -> 0 | AE102: =if(AE100="","",AE100+AD102) -> 0 | AF102: =if(AF100="","",AF100+AE102) -> 1 | AG102: =if(AG100="","",AG100+AF102) -> 2 | AH102: =if(AH100="","",AH100+AG102) -> 1 | AI102: =if(AI100="","",AI100+AH102) -> 1 | AJ102: =if(AJ100="","",AJ100+AI102) -> 0 | AK102: =if(AK100="","",AK100+AJ102) -> -1 | AL102: =if(AL100="","",AL100) -> 1 | AM102: =if(AM100="","",AM100+AL102) -> 0 | AN102: =if(AN100="","",AN100+AM102) -> -1 | AO102: =if(AO100="","",AO100+AN102) -> -1 | AP102: =if(AP100="","",AP100+AO102) -> -2 | AQ102: =if(AQ100="","",AQ100+AP102) -> -1 | AR102: =if(AR100="","",AR100+AQ102) -> -1 | AS102: =if(AS100="","",AS100+AR102) -> -2 | AT102: =if(AT100="","",AT100+AS102) -> -1
X103: Opposition Pts | Y103: =if(Y102="","",vlookup($W100,'Master Input'!$O$12:$R$18,'Master Input'!P$11,false)-Y102) -> 1 | Z103: =if(Z102="","",vlookup($W100,'Master Input'!$O$12:$R$18,'Master Input'!Q$11,false)-Z102) -> 1 | AA103: =if(AA102="","",vlookup($W100,'Master Input'!$O$12:$R$18,'Master Input'!R$11,false)-AA102) -> 1 | AB103: Holes Left Overall | AC103: 17 | AD103: 16 | AE103: 15 | AF103: 14 | AG103: 13 | AH103: 12 | AI103: 11 | AJ103: 10 | AK103: 9 | AL103: 8 | AM103: 7 | AN103: 6 | AO103: 5 | AP103: 4 | AQ103: 3 | AR103: 2 | AS103: 1 | AT103: 0
C104: 1 | D104: 2 | E104: 3 | F104: 4 | G104: 5 | H104: 6 | I104: 7 | J104: 8 | K104: 9 | L104: 10 | M104: 11 | N104: 12 | O104: 13 | P104: 14 | Q104: 15 | R104: 16 | S104: 17 | T104: 18 | AB104: Match Overall | AC104: =if(AC100="","",AC100) -> -1 | AD104: =if(AD100="","",AD100+AC104) -> 0 | AE104: =if(AE100="","",AE100+AD104) -> 0 | AF104: =if(AF100="","",AF100+AE104) -> 1 | AG104: =if(AG100="","",AG100+AF104) -> 2 | AH104: =if(AH100="","",AH100+AG104) -> 1 | AI104: =if(AI100="","",AI100+AH104) -> 1 | AJ104: =if(AJ100="","",AJ100+AI104) -> 0 | AK104: =if(AK100="","",AK100+AJ104) -> -1 | ... AT104: =if(AT100="","",AT100+AS104) -> -2
A107: =W108 -> R2_G4 | C107: Match 7 | K107: Thru | L107: =18-countif(AC109:AT109,"") -> 18 | Y107: Front | Z107: Back | AA107: Overall | AB107: Hole: | AC107: 1 | AD107: 2 | AE107: 3 | AF107: 4 | AG107: 5 | AH107: 6 | AI107: 7 | AJ107: 8 | AK107: 9 | AL107: 10 | AM107: 11 | AN107: 12 | AO107: 13 | AP107: 14 | AQ107: 15 | AR107: 16 | AS107: 17 | AT107: 18
C108: {=if(W110="top",indirect($W108&"!"&"A11"),indirect($W108&"!"&"A17"))} -> Carp | I108: Front | L108: Back | P108: {=if(W110="top",indirect($W108&"!"&"A8"),indirect($W108&"!"&"A14"))} -> Joe O | W108: R2_G4 | X108: Base Team | Y108: =if(L107=0,"",sum(AC109:AK109)) -> 1 | Z108: =if(L107<10,"",sum(AL109:AT109)) -> 2 | AA108: =if(L107<10,"",sum(AC109:AT109)) -> 3 | AB108: VLOOKUP REF: | AC108: 4 | AD108: 5 | AE108: 6 | AF108: 7 | AG108: 8 | AH108: 9 | AI108: 10 | AJ108: 11 | AK108: 12 | AL108: 16 | AM108: 17 | AN108: 18 | AO108: 19 | AP108: 20 | AQ108: 21 | AR108: 22 | AS108: 23 | AT108: 24
I109: =if(and(Y110>0,Y108<>0,Y108<>"",Y111=""),abs(Y108)&" UP", if(abs(AG111)>AG110,abs(AG111)&"&"&AG110, if(abs(AH111)>AH110,abs(AH111)&"&"&AH110, if(abs(AI111)>AI110,abs(AI111)&"&"&AI110, if(abs(AJ111)>AJ110,abs(AJ111)&"&"&AJ110, if(abs(AK111)>AK110,abs(AK111)&"&"&AK110,"AS")))))) -> 2&1 | L109: =if(and(Z110>0,Z108<>0,Z108<>"",Z111=""),abs(Z108)&" UP", if(abs(AP111)>AP110,abs(AP111)&"&"&AP110, if(abs(AQ111)>AQ110,abs(AQ111)&"&"&AQ110, if(abs(AR111)>AR110,abs(AR111)&"&"&AR110, if(abs(AS111)>AS110,abs(AS111)&"&"&AS110, if(abs(AT111)>AT110,abs(AT111)&"&"&AT110,"AS")))))) -> 2&0 | W109: =$L$50 -> Singles Matches | X109: Opposition | Y109: =if(L107=0,"",if(Y108=0,0,Y108*-1)) -> -1 | Z109: =if(L107<10,"",if(Z108=0,0,Z108*-1)) -> -2 | AA109: =if(L107<10,"",if(AA108=0,0,AA108*-1)) -> -3 | AB109: Hole Won/Lost: | AC109: =VLOOKUP($W110&" - Front",indirect($W108&"!"&"$B$28:$y$31"),AC108,false) -> 1 | AD109: =VLOOKUP($W110&" - Front",indirect($W108&"!"&"$B$28:$y$31"),AD108,false) -> -1 | AE109: =VLOOKUP($W110&" - Front",indirect($W108&"!"&"$B$28:$y$31"),AE108,false) -> 1 | AF109: =VLOOKUP($W110&" - Front",indirect($W108&"!"&"$B$28:$y$31"),AF108,false) -> 0 | AG109: =VLOOKUP($W110&" - Front",indirect($W108&"!"&"$B$28:$y$31"),AG108,false) -> 1 | AH109: =VLOOKUP($W110&" - Front",indirect($W108&"!"&"$B$28:$y$31"),AH108,false) -> 0 | AI109: =VLOOKUP($W110&" - Front",indirect($W108&"!"&"$B$28:$y$31"),AI108,false) -> 0 | AJ109: =VLOOKUP($W110&" - Front",indirect($W108&"!"&"$B$28:$y$31"),AJ108,false) -> 0 | ... AT109: =VLOOKUP($W110&" - Front",indirect($W108&"!"&"$B$28:$y$31"),AT108,false) -> 1
D110: Points | J110: Overall | Q110: Points | W110: Top | X110: Holes Left | Y110: {=(countif(indirect(W108&"!"&"$E$20:$M$20"),""))} -> 0 | Z110: {=(countif(indirect(W108&"!"&"$Q$20:$Y$20"),""))} -> 0 | AA110: {=(countif(indirect(W108&"!"&"$E$20:$M$20"),"")) +(countif(indirect(W108&"!"&"$Q$20:$Y$20"),""))} -> 0 | AB110: Holes Left Front Back | AC110: 8 | AD110: 7 | AE110: 6 | AF110: 5 | AG110: 4 | AH110: 3 | AI110: 2 | AJ110: 1 | AK110: 0 | AL110: 8 | AM110: 7 | AN110: 6 | AO110: 5 | AP110: 4 | AQ110: 3 | AR110: 2 | AS110: 1 | AT110: 0
D111: =if(Y112="","",sum(Y112:AA112)) -> 0 | J111: =if(and(AA110>0,AA108<>0,AA108<>"",AA111=""),abs(AA108)&" UP", if(abs(AG113)>AG112,abs(AG113)&"&"&AG112, if(abs(AH113)>AH112,abs(AH113)&"&"&AH112, if(abs(AI113)>AI112,abs(AI113)&"&"&AI112, if(abs(AJ113)>AJ112,abs(AJ113)&"&"&AJ112, if(abs(AK113)>AK112,abs(AK113)&"&"&AK112, if(abs(AL113)>AL112,abs(AL113)&"&"&AL112, if(abs(AM113)>AM112,abs(AM113)&"&"&AM112, if(abs(AN113)>AN112,abs(AN113)&"&"&AN112, if(abs(AO113)>AO112,abs(AO113)&"&"&AO112, if(abs(AP113)>AP112,abs(AP113)&"&"&AP112, if(abs(AQ113)>AQ112,abs(AQ113)&"&"&AQ112, if(abs(AR113)>AR112,abs(AR113)&"&"&AR112, if(abs(AS113)>AS112,abs(AS113)&"&"&AS112, if(abs(AT113)>AT112,abs(AT113)&"&"&AT112, "AS"))))))))))))))) -> 2&1 | Q111: =if(Y111="","",sum(Y111:AA111)) -> 3 | X111: Base Team Pts | Y111: =if(Y108="","",if(or(Y108>Y110,Y109>Y110,and(Y108=0,Y110=0)), if(Y108=0,vlookup($W109,'Master Input'!$O$12:$R$18,'Master Input'!P$11,false)/2, if(Y108>0,vlookup($W109,'Master Input'!$O$12:$R$18,'Master Input'!P$11,false), if(Y108<0,0,""))),"")) -> 1 | Z111: =if(Z108="","",if(or(Z108>Z110,Z109>Z110,and(Z108=0,Z110=0)), if(Z108=0,vlookup($W109,'Master Input'!$O$12:$R$18,'Master Input'!Q$11,false)/2, if(Z108>0,vlookup($W109,'Master Input'!$O$12:$R$18,'Master Input'!Q$11,false), if(Z108<0,0,""))),"")) -> 1 | AA111: =if(AA108="","",if(or(AA108>AA110,AA109>AA110,and(AA108=0,AA110=0)), if(AA108=0,vlookup($W109,'Master Input'!$O$12:$R$18,'Master Input'!R$11,false)/2, if(AA108>0,vlookup($W109,'Master Input'!$O$12:$R$18,'Master Input'!R$11,false), if(AA108<0,0,""))),"")) -> 1 | AB111: Match Front Back | AC111: =if(AC109="","",AC109) -> 1 | AD111: =if(AD109="","",AD109+AC111) -> 0 | AE111: =if(AE109="","",AE109+AD111) -> 1 | AF111: =if(AF109="","",AF109+AE111) -> 1 | AG111: =if(AG109="","",AG109+AF111) -> 2 | AH111: =if(AH109="","",AH109+AG111) -> 2 | AI111: =if(AI109="","",AI109+AH111) -> 2 | AJ111: =if(AJ109="","",AJ109+AI111) -> 2 | AK111: =if(AK109="","",AK109+AJ111) -> 1 | AL111: =if(AL109="","",AL109) -> 1 | AM111: =if(AM109="","",AM109+AL111) -> 0 | AN111: =if(AN109="","",AN109+AM111) -> 1 | AO111: =if(AO109="","",AO109+AN111) -> 2 | AP111: =if(AP109="","",AP109+AO111) -> 1 | AQ111: =if(AQ109="","",AQ109+AP111) -> 1 | AR111: =if(AR109="","",AR109+AQ111) -> 0 | AS111: =if(AS109="","",AS109+AR111) -> 1 | AT111: =if(AT109="","",AT109+AS111) -> 2
X112: Opposition Pts | Y112: =if(Y111="","",vlookup($W109,'Master Input'!$O$12:$R$18,'Master Input'!P$11,false)-Y111) -> 0 | Z112: =if(Z111="","",vlookup($W109,'Master Input'!$O$12:$R$18,'Master Input'!Q$11,false)-Z111) -> 0 | AA112: =if(AA111="","",vlookup($W109,'Master Input'!$O$12:$R$18,'Master Input'!R$11,false)-AA111) -> 0 | AB112: Holes Left Overall | AC112: 17 | AD112: 16 | AE112: 15 | AF112: 14 | AG112: 13 | AH112: 12 | AI112: 11 | AJ112: 10 | AK112: 9 | AL112: 8 | AM112: 7 | AN112: 6 | AO112: 5 | AP112: 4 | AQ112: 3 | AR112: 2 | AS112: 1 | AT112: 0
C113: 1 | D113: 2 | E113: 3 | F113: 4 | G113: 5 | H113: 6 | I113: 7 | J113: 8 | K113: 9 | L113: 10 | M113: 11 | N113: 12 | O113: 13 | P113: 14 | Q113: 15 | R113: 16 | S113: 17 | T113: 18 | AB113: Match Overall | AC113: =if(AC109="","",AC109) -> 1 | AD113: =if(AD109="","",AD109+AC113) -> 0 | AE113: =if(AE109="","",AE109+AD113) -> 1 | AF113: =if(AF109="","",AF109+AE113) -> 1 | AG113: =if(AG109="","",AG109+AF113) -> 2 | AH113: =if(AH109="","",AH109+AG113) -> 2 | AI113: =if(AI109="","",AI109+AH113) -> 2 | AJ113: =if(AJ109="","",AJ109+AI113) -> 2 | AK113: =if(AK109="","",AK109+AJ113) -> 1 | ... AT113: =if(AT109="","",AT109+AS113) -> 3
A116: =W117 -> R2_G4 | C116: Match 8 | K116: Thru | L116: =18-countif(AC118:AT118,"") -> 18 | Y116: Front | Z116: Back | AA116: Overall | AB116: Hole: | AC116: 1 | AD116: 2 | AE116: 3 | AF116: 4 | AG116: 5 | AH116: 6 | AI116: 7 | AJ116: 8 | AK116: 9 | AL116: 10 | AM116: 11 | AN116: 12 | AO116: 13 | AP116: 14 | AQ116: 15 | AR116: 16 | AS116: 17 | AT116: 18
C117: {=if(W119="top",indirect($W117&"!"&"A11"),indirect($W117&"!"&"A18"))} -> Saugy | I117: Front | L117: Back | P117: {=if(W119="top",indirect($W117&"!"&"A8"),indirect($W117&"!"&"A15"))} -> Hile | W117: R2_G4 | X117: Base Team | Y117: =if(L116=0,"",sum(AC118:AK118)) -> 3 | Z117: =if(L116<10,"",sum(AL118:AT118)) -> 5 | AA117: =if(L116<10,"",sum(AC118:AT118)) -> 8 | AB117: VLOOKUP REF: | AC117: 4 | AD117: 5 | AE117: 6 | AF117: 7 | AG117: 8 | AH117: 9 | AI117: 10 | AJ117: 11 | AK117: 12 | AL117: 16 | AM117: 17 | AN117: 18 | AO117: 19 | AP117: 20 | AQ117: 21 | AR117: 22 | AS117: 23 | AT117: 24
I118: =if(and(Y119>0,Y117<>0,Y117<>"",Y120=""),abs(Y117)&" UP", if(abs(AG120)>AG119,abs(AG120)&"&"&AG119, if(abs(AH120)>AH119,abs(AH120)&"&"&AH119, if(abs(AI120)>AI119,abs(AI120)&"&"&AI119, if(abs(AJ120)>AJ119,abs(AJ120)&"&"&AJ119, if(abs(AK120)>AK119,abs(AK120)&"&"&AK119,"AS")))))) -> 3&2 | L118: =if(and(Z119>0,Z117<>0,Z117<>"",Z120=""),abs(Z117)&" UP", if(abs(AP120)>AP119,abs(AP120)&"&"&AP119, if(abs(AQ120)>AQ119,abs(AQ120)&"&"&AQ119, if(abs(AR120)>AR119,abs(AR120)&"&"&AR119, if(abs(AS120)>AS119,abs(AS120)&"&"&AS119, if(abs(AT120)>AT119,abs(AT120)&"&"&AT119,"AS")))))) -> 3&2 | W118: =$L$50 -> Singles Matches | X118: Opposition | Y118: =if(L116=0,"",if(Y117=0,0,Y117*-1)) -> -3 | Z118: =if(L116<10,"",if(Z117=0,0,Z117*-1)) -> -5 | AA118: =if(L116<10,"",if(AA117=0,0,AA117*-1)) -> -8 | AB118: Hole Won/Lost: | AC118: =VLOOKUP($W119&" - Front",indirect($W117&"!"&"$B$28:$y$31"),AC117,false) -> 1 | AD118: =VLOOKUP($W119&" - Front",indirect($W117&"!"&"$B$28:$y$31"),AD117,false) -> 0 | AE118: =VLOOKUP($W119&" - Front",indirect($W117&"!"&"$B$28:$y$31"),AE117,false) -> 0 | AF118: =VLOOKUP($W119&" - Front",indirect($W117&"!"&"$B$28:$y$31"),AF117,false) -> 0 | AG118: =VLOOKUP($W119&" - Front",indirect($W117&"!"&"$B$28:$y$31"),AG117,false) -> 0 | AH118: =VLOOKUP($W119&" - Front",indirect($W117&"!"&"$B$28:$y$31"),AH117,false) -> 1 | AI118: =VLOOKUP($W119&" - Front",indirect($W117&"!"&"$B$28:$y$31"),AI117,false) -> 1 | AJ118: =VLOOKUP($W119&" - Front",indirect($W117&"!"&"$B$28:$y$31"),AJ117,false) -> 1 | ... AT118: =VLOOKUP($W119&" - Front",indirect($W117&"!"&"$B$28:$y$31"),AT117,false) -> 1
D119: Points | J119: Overall | Q119: Points | W119: Bottom | X119: Holes Left | Y119: {=(countif(indirect(W117&"!"&"$E$20:$M$20"),""))} -> 0 | Z119: {=(countif(indirect(W117&"!"&"$Q$20:$Y$20"),""))} -> 0 | AA119: {=(countif(indirect(W117&"!"&"$E$20:$M$20"),"")) +(countif(indirect(W117&"!"&"$Q$20:$Y$20"),""))} -> 0 | AB119: Holes Left Front Back | AC119: 8 | AD119: 7 | AE119: 6 | AF119: 5 | AG119: 4 | AH119: 3 | AI119: 2 | AJ119: 1 | AK119: 0 | AL119: 8 | AM119: 7 | AN119: 6 | AO119: 5 | AP119: 4 | AQ119: 3 | AR119: 2 | AS119: 1 | AT119: 0
D120: =if(Y121="","",sum(Y121:AA121)) -> 0 | J120: =if(and(AA119>0,AA117<>0,AA117<>"",AA120=""),abs(AA117)&" UP", if(abs(AG122)>AG121,abs(AG122)&"&"&AG121, if(abs(AH122)>AH121,abs(AH122)&"&"&AH121, if(abs(AI122)>AI121,abs(AI122)&"&"&AI121, if(abs(AJ122)>AJ121,abs(AJ122)&"&"&AJ121, if(abs(AK122)>AK121,abs(AK122)&"&"&AK121, if(abs(AL122)>AL121,abs(AL122)&"&"&AL121, if(abs(AM122)>AM121,abs(AM122)&"&"&AM121, if(abs(AN122)>AN121,abs(AN122)&"&"&AN121, if(abs(AO122)>AO121,abs(AO122)&"&"&AO121, if(abs(AP122)>AP121,abs(AP122)&"&"&AP121, if(abs(AQ122)>AQ121,abs(AQ122)&"&"&AQ121, if(abs(AR122)>AR121,abs(AR122)&"&"&AR121, if(abs(AS122)>AS121,abs(AS122)&"&"&AS121, if(abs(AT122)>AT121,abs(AT122)&"&"&AT121, "AS"))))))))))))))) -> 6&4 | Q120: =if(Y120="","",sum(Y120:AA120)) -> 3 | X120: Base Team Pts | Y120: =if(Y117="","",if(or(Y117>Y119,Y118>Y119,and(Y117=0,Y119=0)), if(Y117=0,vlookup($W118,'Master Input'!$O$12:$R$18,'Master Input'!P$11,false)/2, if(Y117>0,vlookup($W118,'Master Input'!$O$12:$R$18,'Master Input'!P$11,false), if(Y117<0,0,""))),"")) -> 1 | Z120: =if(Z117="","",if(or(Z117>Z119,Z118>Z119,and(Z117=0,Z119=0)), if(Z117=0,vlookup($W118,'Master Input'!$O$12:$R$18,'Master Input'!Q$11,false)/2, if(Z117>0,vlookup($W118,'Master Input'!$O$12:$R$18,'Master Input'!Q$11,false), if(Z117<0,0,""))),"")) -> 1 | AA120: =if(AA117="","",if(or(AA117>AA119,AA118>AA119,and(AA117=0,AA119=0)), if(AA117=0,vlookup($W118,'Master Input'!$O$12:$R$18,'Master Input'!R$11,false)/2, if(AA117>0,vlookup($W118,'Master Input'!$O$12:$R$18,'Master Input'!R$11,false), if(AA117<0,0,""))),"")) -> 1 | AB120: Match Front Back | AC120: =if(AC118="","",AC118) -> 1 | AD120: =if(AD118="","",AD118+AC120) -> 1 | AE120: =if(AE118="","",AE118+AD120) -> 1 | AF120: =if(AF118="","",AF118+AE120) -> 1 | AG120: =if(AG118="","",AG118+AF120) -> 1 | AH120: =if(AH118="","",AH118+AG120) -> 2 | AI120: =if(AI118="","",AI118+AH120) -> 3 | AJ120: =if(AJ118="","",AJ118+AI120) -> 4 | AK120: =if(AK118="","",AK118+AJ120) -> 3 | AL120: =if(AL118="","",AL118) -> 1 | AM120: =if(AM118="","",AM118+AL120) -> 2 | AN120: =if(AN118="","",AN118+AM120) -> 1 | AO120: =if(AO118="","",AO118+AN120) -> 2 | AP120: =if(AP118="","",AP118+AO120) -> 3 | AQ120: =if(AQ118="","",AQ118+AP120) -> 3 | AR120: =if(AR118="","",AR118+AQ120) -> 3 | AS120: =if(AS118="","",AS118+AR120) -> 4 | AT120: =if(AT118="","",AT118+AS120) -> 5
X121: Opposition Pts | Y121: =if(Y120="","",vlookup($W118,'Master Input'!$O$12:$R$18,'Master Input'!P$11,false)-Y120) -> 0 | Z121: =if(Z120="","",vlookup($W118,'Master Input'!$O$12:$R$18,'Master Input'!Q$11,false)-Z120) -> 0 | AA121: =if(AA120="","",vlookup($W118,'Master Input'!$O$12:$R$18,'Master Input'!R$11,false)-AA120) -> 0 | AB121: Holes Left Overall | AC121: 17 | AD121: 16 | AE121: 15 | AF121: 14 | AG121: 13 | AH121: 12 | AI121: 11 | AJ121: 10 | AK121: 9 | AL121: 8 | AM121: 7 | AN121: 6 | AO121: 5 | AP121: 4 | AQ121: 3 | AR121: 2 | AS121: 1 | AT121: 0
C122: 1 | D122: 2 | E122: 3 | F122: 4 | G122: 5 | H122: 6 | I122: 7 | J122: 8 | K122: 9 | L122: 10 | M122: 11 | N122: 12 | O122: 13 | P122: 14 | Q122: 15 | R122: 16 | S122: 17 | T122: 18 | AB122: Match Overall | AC122: =if(AC118="","",AC118) -> 1 | AD122: =if(AD118="","",AD118+AC122) -> 1 | AE122: =if(AE118="","",AE118+AD122) -> 1 | AF122: =if(AF118="","",AF118+AE122) -> 1 | AG122: =if(AG118="","",AG118+AF122) -> 1 | AH122: =if(AH118="","",AH118+AG122) -> 2 | AI122: =if(AI118="","",AI118+AH122) -> 3 | AJ122: =if(AJ118="","",AJ118+AI122) -> 4 | AK122: =if(AK118="","",AK118+AJ122) -> 3 | ... AT122: =if(AT118="","",AT118+AS122) -> 8
B126: ='Master Input'!I6 -> Ravines GC - White | L126: ='Master Input'!J6 -> 2-Man Tilt
B127: Score Tracking: Tilt Points, Margin, and BC Points
A129: =W130 -> R3_G1 | C129: Match 1 | K129: Thru | L129: =18-countif(AC131:AT131,"") -> 18 | Y129: Front | Z129: Back | AA129: Overall | AB129: Hole: | AC129: 1 | AD129: 2 | AE129: 3 | AF129: 4 | AG129: 5 | AH129: 6 | AI129: 7 | AJ129: 8 | AK129: 9 | AL129: 10 | AM129: 11 | AN129: 12 | AO129: 13 | AP129: 14 | AQ129: 15 | AR129: 16 | AS129: 17 | AT129: 18
C130: ='Match Selection'!G14 -> Andy | H130: Tilt Points | M130: Tilt Points | P130: ='Match Selection'!D14 -> T-Mo | W130: R3_G1 | X130: Base Team | Y130: N/A | Z130: N/A | AA130: {=indirect($W130&"!"&"AB26")} -> 62 | AB130: VLOOKUP REF: | AC130: 3 | AD130: 4 | AE130: 5 | AF130: 6 | AG130: 7 | AH130: 8 | AI130: 9 | AJ130: 10 | AK130: 11 | AL130: 18 | AM130: 19 | AN130: 20 | AO130: 21 | AP130: 22 | AQ130: 23 | AR130: 24 | AS130: 25 | AT130: 26
C131: ='Match Selection'!G15 -> House | H131: =AA131 -> 34 | M131: =AA130 -> 62 | P131: ='Match Selection'!D15 -> TJSC | W131: =$L$126 -> 2-Man Tilt | X131: Opposition | Y131: N/A | Z131: N/A | AA131: {=indirect($W130&"!"&"AB27")} -> 34 | AB131: Hole Won/Lost: | AC131: {=VLOOKUP('Master Input'!$A$19,indirect($W130&"!"&"$A$31:$z$31"),AC130)} -> 0 | AD131: {=VLOOKUP('Master Input'!$A$19,indirect($W130&"!"&"$A$31:$z$31"),AD130)} -> 0 | AE131: {=VLOOKUP('Master Input'!$A$19,indirect($W130&"!"&"$A$31:$z$31"),AE130)} -> 1 | AF131: {=VLOOKUP('Master Input'!$A$19,indirect($W130&"!"&"$A$31:$z$31"),AF130)} -> 1 | AG131: {=VLOOKUP('Master Input'!$A$19,indirect($W130&"!"&"$A$31:$z$31"),AG130)} -> -1 | AH131: {=VLOOKUP('Master Input'!$A$19,indirect($W130&"!"&"$A$31:$z$31"),AH130)} -> -1 | AI131: {=VLOOKUP('Master Input'!$A$19,indirect($W130&"!"&"$A$31:$z$31"),AI130)} -> -1 | AJ131: {=VLOOKUP('Master Input'!$A$19,indirect($W130&"!"&"$A$31:$z$31"),AJ130)} -> -1 | ... AT131: {=VLOOKUP('Master Input'!$A$19,indirect($W130&"!"&"$A$31:$z$31"),AT130)} -> -1
D132: Cup Points | J132: Margin | Q132: Cup Points | X132: Holes Left | Y132: N/A | Z132: N/A | AA132: =countif(AC131:AT131,"") -> 0 | AB132: Holes Left Front Back | AC132: 8 | AD132: 7 | AE132: 6 | AF132: 5 | AG132: 4 | AH132: 3 | AI132: 2 | AJ132: 1 | AK132: 0 | AL132: 8 | AM132: 7 | AN132: 6 | AO132: 5 | AP132: 4 | AQ132: 3 | AR132: 2 | AS132: 1 | AT132: 0
D133: =if(AA134="","",sum(Y134:AA134)) -> 0.5 | J133: =abs(AA131-AA130) -> 28 | Q133: =if(AA133="","",sum(Y133:AA133)) -> 3.5 | X133: Base Team Pts | Y133: N/A | Z133: N/A | AA133: {=indirect($W130&"!"&"AC26")} -> 3.5 | AB133: Match Front Back | AC133: N/A | AD133: N/A | AE133: N/A | AF133: N/A | AG133: N/A | AH133: N/A | AI133: N/A | AJ133: N/A | AK133: N/A | AL133: N/A | AM133: N/A | AN133: N/A | AO133: N/A | AP133: N/A | AQ133: N/A | AR133: N/A | AS133: N/A | AT133: N/A
X134: Opposition Pts | Y134: N/A | Z134: N/A | AA134: {=indirect($W130&"!"&"AC27")} -> 0.5 | AB134: Holes Left Overall | AC134: 17 | AD134: 16 | AE134: 15 | AF134: 14 | AG134: 13 | AH134: 12 | AI134: 11 | AJ134: 10 | AK134: 9 | AL134: 8 | AM134: 7 | AN134: 6 | AO134: 5 | AP134: 4 | AQ134: 3 | AR134: 2 | AS134: 1 | AT134: 0
C135: 1 | D135: 2 | E135: 3 | F135: 4 | G135: 5 | H135: 6 | I135: 7 | J135: 8 | K135: 9 | L135: 10 | M135: 11 | N135: 12 | O135: 13 | P135: 14 | Q135: 15 | R135: 16 | S135: 17 | T135: 18 | AB135: Match Overall | AC135: N/A | AD135: N/A | AE135: N/A | AF135: N/A | AG135: N/A | AH135: N/A | AI135: N/A | AJ135: N/A | AK135: N/A | AL135: N/A | AM135: N/A | AN135: N/A | AO135: N/A | AP135: N/A | AQ135: N/A | AR135: N/A | AS135: N/A | AT135: N/A
...

Sheet R1_G1
A1: Group 1 | B1: ='Master Input'!E3 -> 0.52083333 | C1: ='Master Input'!$E$2 -> Round 1 | E1: ='Master Input'!$E$6 -> GVSU Meadows - Blue | P1: ='Master Input'!$E$2 -> Round 1 | R1: ='Master Input'!$E$6 -> GVSU Meadows - Blue
A2: Handi: | B2: ='Match Selection'!B4 -> 2-Man Best Ball | D2: Handi: | E2: =vlookup($E1, 'Course List'!$A$3:$AS$14,5+E4, false) -> 2 | F2: =vlookup($E1, 'Course List'!$A$3:$AS$14,5+F4, false) -> 8 | G2: =vlookup($E1, 'Course List'!$A$3:$AS$14,5+G4, false) -> 14 | H2: =vlookup($E1, 'Course List'!$A$3:$AS$14,5+H4, false) -> 12 | I2: =vlookup($E1, 'Course List'!$A$3:$AS$14,5+I4, false) -> 6 | J2: =vlookup($E1, 'Course List'!$A$3:$AS$14,5+J4, false) -> 18 | K2: =vlookup($E1, 'Course List'!$A$3:$AS$14,5+K4, false) -> 10 | L2: =vlookup($E1, 'Course List'!$A$3:$AS$14,5+L4, false) -> 4 | M2: =vlookup($E1, 'Course List'!$A$3:$AS$14,5+M4, false) -> 16 | P2: Handi: | Q2: =vlookup($E1, 'Course List'!$A$3:$AS$14,5+Q4, false) -> 13 | R2: =vlookup($E1, 'Course List'!$A$3:$AS$14,5+R4, false) -> 3 | S2: =vlookup($E1, 'Course List'!$A$3:$AS$14,5+S4, false) -> 9 | T2: =vlookup($E1, 'Course List'!$A$3:$AS$14,5+T4, false) -> 15 | U2: =vlookup($E1, 'Course List'!$A$3:$AS$14,5+U4, false) -> 11 | V2: =vlookup($E1, 'Course List'!$A$3:$AS$14,5+V4, false) -> 5 | W2: =vlookup($E1, 'Course List'!$A$3:$AS$14,5+W4, false) -> 7 | X2: =vlookup($E1, 'Course List'!$A$3:$AS$14,5+X4, false) -> 17 | Y2: =vlookup($E1, 'Course List'!$A$3:$AS$14,5+Y4, false) -> 1
A3: Par: | D3: Par: | E3: =vlookup($E1, 'Course List'!$A$3:$AS$14,27+E4, false) -> 4 | F3: =vlookup($E1, 'Course List'!$A$3:$AS$14,27+F4, false) -> 4 | G3: =vlookup($E1, 'Course List'!$A$3:$AS$14,27+G4, false) -> 3 | H3: =vlookup($E1, 'Course List'!$A$3:$AS$14,27+H4, false) -> 5 | I3: =vlookup($E1, 'Course List'!$A$3:$AS$14,27+I4, false) -> 4 | J3: =vlookup($E1, 'Course List'!$A$3:$AS$14,27+J4, false) -> 4 | K3: =vlookup($E1, 'Course List'!$A$3:$AS$14,27+K4, false) -> 3 | L3: =vlookup($E1, 'Course List'!$A$3:$AS$14,27+L4, false) -> 4 | M3: =vlookup($E1, 'Course List'!$A$3:$AS$14,27+M4, false) -> 5 | N3: =SUM(E3:M3) -> 36 | P3: Par: | Q3: =vlookup($E1, 'Course List'!$A$3:$AS$14,27+Q4, false) -> 4 | R3: =vlookup($E1, 'Course List'!$A$3:$AS$14,27+R4, false) -> 4 | S3: =vlookup($E1, 'Course List'!$A$3:$AS$14,27+S4, false) -> 4 | T3: =vlookup($E1, 'Course List'!$A$3:$AS$14,27+T4, false) -> 3 | U3: =vlookup($E1, 'Course List'!$A$3:$AS$14,27+U4, false) -> 5 | V3: =vlookup($E1, 'Course List'!$A$3:$AS$14,27+V4, false) -> 4 | W3: =vlookup($E1, 'Course List'!$A$3:$AS$14,27+W4, false) -> 4 | X3: =vlookup($E1, 'Course List'!$A$3:$AS$14,27+X4, false) -> 3 | Y3: =vlookup($E1, 'Course List'!$A$3:$AS$14,27+Y4, false) -> 4 | Z3: =SUM(Q3:Y3) -> 35 | AA3: =N3+Z3 -> 71
A4: Hole: | B4: Team | C4: Tee HCP | D4: Net HCP | E4: 1 | F4: 2 | G4: 3 | H4: 4 | I4: 5 | J4: 6 | K4: 7 | L4: 8 | M4: 9 | N4: OUT | P4: Hole: | Q4: 10 | R4: 11 | S4: 12 | T4: 13 | U4: 14 | V4: 15 | W4: 16 | X4: 17 | Y4: 18 | Z4: IN | AA4: Total Gross | AB4: Total Net
E6: =if(E7=1,"O", if(E7=2,"O O","")) -> O | F6: =if(F7=1,"O", if(F7=2,"O O","")) | G6: =if(G7=1,"O", if(G7=2,"O O","")) | H6: =if(H7=1,"O", if(H7=2,"O O","")) | I6: =if(I7=1,"O", if(I7=2,"O O","")) -> O | J6: =if(J7=1,"O", if(J7=2,"O O","")) | K6: =if(K7=1,"O", if(K7=2,"O O","")) | L6: =if(L7=1,"O", if(L7=2,"O O","")) -> O | M6: =if(M7=1,"O", if(M7=2,"O O","")) | Q6: =if(Q7=1,"O", if(Q7=2,"O O","")) | R6: =if(R7=1,"O", if(R7=2,"O O","")) -> O | S6: =if(S7=1,"O", if(S7=2,"O O","")) | T6: =if(T7=1,"O", if(T7=2,"O O","")) | U6: =if(U7=1,"O", if(U7=2,"O O","")) | V6: =if(V7=1,"O", if(V7=2,"O O","")) -> O | W6: =if(W7=1,"O", if(W7=2,"O O","")) | X6: =if(X7=1,"O", if(X7=2,"O O","")) | Y6: =if(Y7=1,"O", if(Y7=2,"O O","")) -> O
E7: =IF($D8>0,FLOOR($D8/18,1),0)+IF(AND(MOD($D8,18)>=E$2,$D8>0),1,0)-IF(E$2-18>$D8,1,0) -> 1 | F7: =IF($D8>0,FLOOR($D8/18,1),0)+IF(AND(MOD($D8,18)>=F$2,$D8>0),1,0)-IF(F$2-18>$D8,1,0) -> 0 | G7: =IF($D8>0,FLOOR($D8/18,1),0)+IF(AND(MOD($D8,18)>=G$2,$D8>0),1,0)-IF(G$2-18>$D8,1,0) -> 0 | H7: =IF($D8>0,FLOOR($D8/18,1),0)+IF(AND(MOD($D8,18)>=H$2,$D8>0),1,0)-IF(H$2-18>$D8,1,0) -> 0 | I7: =IF($D8>0,FLOOR($D8/18,1),0)+IF(AND(MOD($D8,18)>=I$2,$D8>0),1,0)-IF(I$2-18>$D8,1,0) -> 1 | J7: =IF($D8>0,FLOOR($D8/18,1),0)+IF(AND(MOD($D8,18)>=J$2,$D8>0),1,0)-IF(J$2-18>$D8,1,0) -> 0 | K7: =IF($D8>0,FLOOR($D8/18,1),0)+IF(AND(MOD($D8,18)>=K$2,$D8>0),1,0)-IF(K$2-18>$D8,1,0) -> 0 | L7: =IF($D8>0,FLOOR($D8/18,1),0)+IF(AND(MOD($D8,18)>=L$2,$D8>0),1,0)-IF(L$2-18>$D8,1,0) -> 1 | M7: =IF($D8>0,FLOOR($D8/18,1),0)+IF(AND(MOD($D8,18)>=M$2,$D8>0),1,0)-IF(M$2-18>$D8,1,0) -> 0 | Q7: =IF($D8>0,FLOOR($D8/18,1),0)+IF(AND(MOD($D8,18)>=Q$2,$D8>0),1,0)-IF(Q$2-18>$D8,1,0) -> 0 | R7: =IF($D8>0,FLOOR($D8/18,1),0)+IF(AND(MOD($D8,18)>=R$2,$D8>0),1,0)-IF(R$2-18>$D8,1,0) -> 1 | S7: =IF($D8>0,FLOOR($D8/18,1),0)+IF(AND(MOD($D8,18)>=S$2,$D8>0),1,0)-IF(S$2-18>$D8,1,0) -> 0 | T7: =IF($D8>0,FLOOR($D8/18,1),0)+IF(AND(MOD($D8,18)>=T$2,$D8>0),1,0)-IF(T$2-18>$D8,1,0) -> 0 | U7: =IF($D8>0,FLOOR($D8/18,1),0)+IF(AND(MOD($D8,18)>=U$2,$D8>0),1,0)-IF(U$2-18>$D8,1,0) -> 0 | V7: =IF($D8>0,FLOOR($D8/18,1),0)+IF(AND(MOD($D8,18)>=V$2,$D8>0),1,0)-IF(V$2-18>$D8,1,0) -> 1 | W7: =IF($D8>0,FLOOR($D8/18,1),0)+IF(AND(MOD($D8,18)>=W$2,$D8>0),1,0)-IF(W$2-18>$D8,1,0) -> 0 | X7: =IF($D8>0,FLOOR($D8/18,1),0)+IF(AND(MOD($D8,18)>=X$2,$D8>0),1,0)-IF(X$2-18>$D8,1,0) -> 0 | Y7: =IF($D8>0,FLOOR($D8/18,1),0)+IF(AND(MOD($D8,18)>=Y$2,$D8>0),1,0)-IF(Y$2-18>$D8,1,0) -> 1
A8: ='Match Selection'!D4 -> TJSC | B8: =vlookup(A8, 'Master Input'!$A$11:$B$27, 2, false) -> Drivers | C8: =vlookup(A8,'Master Input'!$A$11:$L$27,'Master Input'!$F$28, false) -> 15 | D8: =C8-SMALL($C$8:$C$17,1) -> 6 | E8: 7 | F8: 5 | G8: 4 | H8: 6 | I8: 4 | J8: 5 | K8: 4 | L8: 6 | M8: 7 | N8: =if(M8="","", sum(E8:M8)) -> 48 | P8: =A8 -> TJSC | Q8: 4 | R8: 5 | S8: 4 | T8: 5 | U8: 7 | V8: 5 | W8: 5 | X8: 4 | Y8: 4 | Z8: =if(Y8="","", sum(Q8:Y8)) -> 43 | AA8: =if(Z8="", "", sum(N8,Z8)) -> 91 | AB8: =if(Y8="", "", AA8-C8) -> 76
E9: =if(E10=1,"O", if(E10=2,"O O","")) -> O | F9: =if(F10=1,"O", if(F10=2,"O O","")) -> O | G9: =if(G10=1,"O", if(G10=2,"O O","")) | H9: =if(H10=1,"O", if(H10=2,"O O","")) | I9: =if(I10=1,"O", if(I10=2,"O O","")) -> O | J9: =if(J10=1,"O", if(J10=2,"O O","")) | K9: =if(K10=1,"O", if(K10=2,"O O","")) | L9: =if(L10=1,"O", if(L10=2,"O O","")) -> O | M9: =if(M10=1,"O", if(M10=2,"O O","")) | Q9: =if(Q10=1,"O", if(Q10=2,"O O","")) | R9: =if(R10=1,"O", if(R10=2,"O O","")) -> O | S9: =if(S10=1,"O", if(S10=2,"O O","")) | T9: =if(T10=1,"O", if(T10=2,"O O","")) | U9: =if(U10=1,"O", if(U10=2,"O O","")) | V9: =if(V10=1,"O", if(V10=2,"O O","")) -> O | W9: =if(W10=1,"O", if(W10=2,"O O","")) -> O | X9: =if(X10=1,"O", if(X10=2,"O O","")) | Y9: =if(Y10=1,"O", if(Y10=2,"O O","")) -> O
E10: =IF($D11>0,FLOOR($D11/18,1),0)+IF(AND(MOD($D11,18)>=E$2,$D11>0),1,0)-IF(E$2-18>$D11,1,0) -> 1 | F10: =IF($D11>0,FLOOR($D11/18,1),0)+IF(AND(MOD($D11,18)>=F$2,$D11>0),1,0)-IF(F$2-18>$D11,1,0) -> 1 | G10: =IF($D11>0,FLOOR($D11/18,1),0)+IF(AND(MOD($D11,18)>=G$2,$D11>0),1,0)-IF(G$2-18>$D11,1,0) -> 0 | H10: =IF($D11>0,FLOOR($D11/18,1),0)+IF(AND(MOD($D11,18)>=H$2,$D11>0),1,0)-IF(H$2-18>$D11,1,0) -> 0 | I10: =IF($D11>0,FLOOR($D11/18,1),0)+IF(AND(MOD($D11,18)>=I$2,$D11>0),1,0)-IF(I$2-18>$D11,1,0) -> 1 | J10: =IF($D11>0,FLOOR($D11/18,1),0)+IF(AND(MOD($D11,18)>=J$2,$D11>0),1,0)-IF(J$2-18>$D11,1,0) -> 0 | K10: =IF($D11>0,FLOOR($D11/18,1),0)+IF(AND(MOD($D11,18)>=K$2,$D11>0),1,0)-IF(K$2-18>$D11,1,0) -> 0 | L10: =IF($D11>0,FLOOR($D11/18,1),0)+IF(AND(MOD($D11,18)>=L$2,$D11>0),1,0)-IF(L$2-18>$D11,1,0) -> 1 | M10: =IF($D11>0,FLOOR($D11/18,1),0)+IF(AND(MOD($D11,18)>=M$2,$D11>0),1,0)-IF(M$2-18>$D11,1,0) -> 0 | Q10: =IF($D11>0,FLOOR($D11/18,1),0)+IF(AND(MOD($D11,18)>=Q$2,$D11>0),1,0)-IF(Q$2-18>$D11,1,0) -> 0 | R10: =IF($D11>0,FLOOR($D11/18,1),0)+IF(AND(MOD($D11,18)>=R$2,$D11>0),1,0)-IF(R$2-18>$D11,1,0) -> 1 | S10: =IF($D11>0,FLOOR($D11/18,1),0)+IF(AND(MOD($D11,18)>=S$2,$D11>0),1,0)-IF(S$2-18>$D11,1,0) -> 0 | T10: =IF($D11>0,FLOOR($D11/18,1),0)+IF(AND(MOD($D11,18)>=T$2,$D11>0),1,0)-IF(T$2-18>$D11,1,0) -> 0 | U10: =IF($D11>0,FLOOR($D11/18,1),0)+IF(AND(MOD($D11,18)>=U$2,$D11>0),1,0)-IF(U$2-18>$D11,1,0) -> 0 | V10: =IF($D11>0,FLOOR($D11/18,1),0)+IF(AND(MOD($D11,18)>=V$2,$D11>0),1,0)-IF(V$2-18>$D11,1,0) -> 1 | W10: =IF($D11>0,FLOOR($D11/18,1),0)+IF(AND(MOD($D11,18)>=W$2,$D11>0),1,0)-IF(W$2-18>$D11,1,0) -> 1 | X10: =IF($D11>0,FLOOR($D11/18,1),0)+IF(AND(MOD($D11,18)>=X$2,$D11>0),1,0)-IF(X$2-18>$D11,1,0) -> 0 | Y10: =IF($D11>0,FLOOR($D11/18,1),0)+IF(AND(MOD($D11,18)>=Y$2,$D11>0),1,0)-IF(Y$2-18>$D11,1,0) -> 1
A11: ='Match Selection'!D5 -> Joe O | B11: =vlookup(A11, 'Master Input'!$A$11:$B$27, 2, false) -> Drivers | C11: =vlookup(A11,'Master Input'!$A$11:$L$27,'Master Input'!$F$28, false) -> 17 | D11: =C11-SMALL($C$8:$C$17,1) -> 8 | E11: 7 | F11: 6 | G11: 4 | H11: 6 | I11: 7 | J11: 7 | K11: 5 | L11: 6 | M11: 6 | N11: =if(M11="","", sum(E11:M11)) -> 54 | P11: =A11 -> Joe O | Q11: 5 | R11: 6 | S11: 5 | T11: 5 | U11: 5 | V11: 4 | W11: 11 | X11: 5 | Y11: 8 | Z11: =if(Y11="","", sum(Q11:Y11)) -> 54 | AA11: =if(Z11="", "", sum(N11,Z11)) -> 108 | AB11: =if(Y11="", "", AA11-C11) -> 91
E12: =if(E13=1,"O", if(E13=2,"O O","")) | F12: =if(F13=1,"O", if(F13=2,"O O","")) | G12: =if(G13=1,"O", if(G13=2,"O O","")) | H12: =if(H13=1,"O", if(H13=2,"O O","")) | I12: =if(I13=1,"O", if(I13=2,"O O","")) | J12: =if(J13=1,"O", if(J13=2,"O O","")) | K12: =if(K13=1,"O", if(K13=2,"O O","")) | L12: =if(L13=1,"O", if(L13=2,"O O","")) | M12: =if(M13=1,"O", if(M13=2,"O O","")) | Q12: =if(Q13=1,"O", if(Q13=2,"O O","")) | R12: =if(R13=1,"O", if(R13=2,"O O","")) | S12: =if(S13=1,"O", if(S13=2,"O O","")) | T12: =if(T13=1,"O", if(T13=2,"O O","")) | U12: =if(U13=1,"O", if(U13=2,"O O","")) | V12: =if(V13=1,"O", if(V13=2,"O O","")) | W12: =if(W13=1,"O", if(W13=2,"O O","")) | X12: =if(X13=1,"O", if(X13=2,"O O","")) | Y12: =if(Y13=1,"O", if(Y13=2,"O O",""))
E13: =IF($D14>0,FLOOR($D14/18,1),0)+IF(AND(MOD($D14,18)>=E$2,$D14>0),1,0)-IF(E$2-18>$D14,1,0) -> 0 | F13: =IF($D14>0,FLOOR($D14/18,1),0)+IF(AND(MOD($D14,18)>=F$2,$D14>0),1,0)-IF(F$2-18>$D14,1,0) -> 0 | G13: =IF($D14>0,FLOOR($D14/18,1),0)+IF(AND(MOD($D14,18)>=G$2,$D14>0),1,0)-IF(G$2-18>$D14,1,0) -> 0 | H13: =IF($D14>0,FLOOR($D14/18,1),0)+IF(AND(MOD($D14,18)>=H$2,$D14>0),1,0)-IF(H$2-18>$D14,1,0) -> 0 | I13: =IF($D14>0,FLOOR($D14/18,1),0)+IF(AND(MOD($D14,18)>=I$2,$D14>0),1,0)-IF(I$2-18>$D14,1,0) -> 0 | J13: =IF($D14>0,FLOOR($D14/18,1),0)+IF(AND(MOD($D14,18)>=J$2,$D14>0),1,0)-IF(J$2-18>$D14,1,0) -> 0 | K13: =IF($D14>0,FLOOR($D14/18,1),0)+IF(AND(MOD($D14,18)>=K$2,$D14>0),1,0)-IF(K$2-18>$D14,1,0) -> 0 | L13: =IF($D14>0,FLOOR($D14/18,1),0)+IF(AND(MOD($D14,18)>=L$2,$D14>0),1,0)-IF(L$2-18>$D14,1,0) -> 0 | M13: =IF($D14>0,FLOOR($D14/18,1),0)+IF(AND(MOD($D14,18)>=M$2,$D14>0),1,0)-IF(M$2-18>$D14,1,0) -> 0 | Q13: =IF($D14>0,FLOOR($D14/18,1),0)+IF(AND(MOD($D14,18)>=Q$2,$D14>0),1,0)-IF(Q$2-18>$D14,1,0) -> 0 | R13: =IF($D14>0,FLOOR($D14/18,1),0)+IF(AND(MOD($D14,18)>=R$2,$D14>0),1,0)-IF(R$2-18>$D14,1,0) -> 0 | S13: =IF($D14>0,FLOOR($D14/18,1),0)+IF(AND(MOD($D14,18)>=S$2,$D14>0),1,0)-IF(S$2-18>$D14,1,0) -> 0 | T13: =IF($D14>0,FLOOR($D14/18,1),0)+IF(AND(MOD($D14,18)>=T$2,$D14>0),1,0)-IF(T$2-18>$D14,1,0) -> 0 | U13: =IF($D14>0,FLOOR($D14/18,1),0)+IF(AND(MOD($D14,18)>=U$2,$D14>0),1,0)-IF(U$2-18>$D14,1,0) -> 0 | V13: =IF($D14>0,FLOOR($D14/18,1),0)+IF(AND(MOD($D14,18)>=V$2,$D14>0),1,0)-IF(V$2-18>$D14,1,0) -> 0 | W13: =IF($D14>0,FLOOR($D14/18,1),0)+IF(AND(MOD($D14,18)>=W$2,$D14>0),1,0)-IF(W$2-18>$D14,1,0) -> 0 | X13: =IF($D14>0,FLOOR($D14/18,1),0)+IF(AND(MOD($D14,18)>=X$2,$D14>0),1,0)-IF(X$2-18>$D14,1,0) -> 0 | Y13: =IF($D14>0,FLOOR($D14/18,1),0)+IF(AND(MOD($D14,18)>=Y$2,$D14>0),1,0)-IF(Y$2-18>$D14,1,0) -> 0
A14: ='Match Selection'!G4 -> CuzNick | B14: =vlookup(A14, 'Master Input'!$A$11:$B$27, 2, false) -> Irons | C14: =vlookup(A14,'Master Input'!$A$11:$L$27,'Master Input'!$F$28, false) -> 9 | D14: =C14-SMALL($C$8:$C$17,1) -> 0 | E14: 5 | F14: 5 | G14: 3 | H14: 4 | I14: 4 | J14: 5 | K14: 4 | L14: 3 | M14: 5 | N14: =if(M14="","", sum(E14:M14)) -> 38 | P14: =A14 -> CuzNick | Q14: 4 | R14: 6 | S14: 4 | T14: 3 | U14: 5 | V14: 5 | W14: 4 | X14: 4 | Y14: 5 | Z14: =if(Y14="","", sum(Q14:Y14)) -> 40 | AA14: =if(Z14="", "", sum(N14,Z14)) -> 78 | AB14: =if(Y14="", "", AA14-C14) -> 69
E15: =if(E16=1,"O", if(E16=2,"O O","")) -> O O | F15: =if(F16=1,"O", if(F16=2,"O O","")) -> O O | G15: =if(G16=1,"O", if(G16=2,"O O","")) -> O | H15: =if(H16=1,"O", if(H16=2,"O O","")) -> O | I15: =if(I16=1,"O", if(I16=2,"O O","")) -> O O | J15: =if(J16=1,"O", if(J16=2,"O O","")) -> O | K15: =if(K16=1,"O", if(K16=2,"O O","")) -> O | L15: =if(L16=1,"O", if(L16=2,"O O","")) -> O O | M15: =if(M16=1,"O", if(M16=2,"O O","")) -> O | Q15: =if(Q16=1,"O", if(Q16=2,"O O","")) -> O | R15: =if(R16=1,"O", if(R16=2,"O O","")) -> O O | S15: =if(S16=1,"O", if(S16=2,"O O","")) -> O O | T15: =if(T16=1,"O", if(T16=2,"O O","")) -> O | U15: =if(U16=1,"O", if(U16=2,"O O","")) -> O | V15: =if(V16=1,"O", if(V16=2,"O O","")) -> O O | W15: =if(W16=1,"O", if(W16=2,"O O","")) -> O O | X15: =if(X16=1,"O", if(X16=2,"O O","")) -> O | Y15: =if(Y16=1,"O", if(Y16=2,"O O","")) -> O O
E16: =IF($D17>0,FLOOR($D17/18,1),0)+IF(AND(MOD($D17,18)>=E$2,$D17>0),1,0)-IF(E$2-18>$D17,1,0) -> 2 | F16: =IF($D17>0,FLOOR($D17/18,1),0)+IF(AND(MOD($D17,18)>=F$2,$D17>0),1,0)-IF(F$2-18>$D17,1,0) -> 2 | G16: =IF($D17>0,FLOOR($D17/18,1),0)+IF(AND(MOD($D17,18)>=G$2,$D17>0),1,0)-IF(G$2-18>$D17,1,0) -> 1 | H16: =IF($D17>0,FLOOR($D17/18,1),0)+IF(AND(MOD($D17,18)>=H$2,$D17>0),1,0)-IF(H$2-18>$D17,1,0) -> 1 | I16: =IF($D17>0,FLOOR($D17/18,1),0)+IF(AND(MOD($D17,18)>=I$2,$D17>0),1,0)-IF(I$2-18>$D17,1,0) -> 2 | J16: =IF($D17>0,FLOOR($D17/18,1),0)+IF(AND(MOD($D17,18)>=J$2,$D17>0),1,0)-IF(J$2-18>$D17,1,0) -> 1 | K16: =IF($D17>0,FLOOR($D17/18,1),0)+IF(AND(MOD($D17,18)>=K$2,$D17>0),1,0)-IF(K$2-18>$D17,1,0) -> 1 | L16: =IF($D17>0,FLOOR($D17/18,1),0)+IF(AND(MOD($D17,18)>=L$2,$D17>0),1,0)-IF(L$2-18>$D17,1,0) -> 2 | M16: =IF($D17>0,FLOOR($D17/18,1),0)+IF(AND(MOD($D17,18)>=M$2,$D17>0),1,0)-IF(M$2-18>$D17,1,0) -> 1 | Q16: =IF($D17>0,FLOOR($D17/18,1),0)+IF(AND(MOD($D17,18)>=Q$2,$D17>0),1,0)-IF(Q$2-18>$D17,1,0) -> 1 | R16: =IF($D17>0,FLOOR($D17/18,1),0)+IF(AND(MOD($D17,18)>=R$2,$D17>0),1,0)-IF(R$2-18>$D17,1,0) -> 2 | S16: =IF($D17>0,FLOOR($D17/18,1),0)+IF(AND(MOD($D17,18)>=S$2,$D17>0),1,0)-IF(S$2-18>$D17,1,0) -> 2 | T16: =IF($D17>0,FLOOR($D17/18,1),0)+IF(AND(MOD($D17,18)>=T$2,$D17>0),1,0)-IF(T$2-18>$D17,1,0) -> 1 | U16: =IF($D17>0,FLOOR($D17/18,1),0)+IF(AND(MOD($D17,18)>=U$2,$D17>0),1,0)-IF(U$2-18>$D17,1,0) -> 1 | V16: =IF($D17>0,FLOOR($D17/18,1),0)+IF(AND(MOD($D17,18)>=V$2,$D17>0),1,0)-IF(V$2-18>$D17,1,0) -> 2 | W16: =IF($D17>0,FLOOR($D17/18,1),0)+IF(AND(MOD($D17,18)>=W$2,$D17>0),1,0)-IF(W$2-18>$D17,1,0) -> 2 | X16: =IF($D17>0,FLOOR($D17/18,1),0)+IF(AND(MOD($D17,18)>=X$2,$D17>0),1,0)-IF(X$2-18>$D17,1,0) -> 1 | Y16: =IF($D17>0,FLOOR($D17/18,1),0)+IF(AND(MOD($D17,18)>=Y$2,$D17>0),1,0)-IF(Y$2-18>$D17,1,0) -> 2
A17: ='Match Selection'!G5 -> Saugy | B17: =vlookup(A17, 'Master Input'!$A$11:$B$27, 2, false) -> Irons | C17: =vlookup(A17,'Master Input'!$A$11:$L$27,'Master Input'!$F$28, false) -> 36 | D17: =C17-SMALL($C$8:$C$17,1) -> 27 | E17: 7 | F17: 6 | G17: 3 | H17: 10 | I17: 7 | J17: 5 | K17: 4 | L17: 6 | M17: 6 | N17: =if(M17="","", sum(E17:M17)) -> 54 | P17: =A17 -> Saugy | Q17: 5 | R17: 6 | S17: 6 | T17: 4 | U17: 6 | V17: 9 | W17: 9 | X17: 3 | Y17: 9 | Z17: =if(Y17="","", sum(Q17:Y17)) -> 57 | AA17: =if(Z17="", "", sum(N17,Z17)) -> 111 | AB17: =if(Y17="", "", AA17-C17) -> 75
N18: Front | AB18: Cup Pts
A19: =B8&" Status" -> Drivers Status | B19: Match - Front | E19: =if(E23="","",E23) -> -1 | F19: =if(F23="","",F23+E19) -> -2 | G19: =if(G23="","",G23+F19) -> -3 | H19: =if(H23="","",H23+G19) -> -4 | I19: =if(I23="","",I23+H19) -> -3 | J19: =if(J23="","",J23+I19) -> -4 | K19: =if(K23="","",K23+J19) -> -5 | L19: =if(L23="","",L23+K19) -> -6 | M19: =if(M23="","",M23+L19) -> -7 | N19: =if(M19="", "", if(M19<0, 0, if(M19>0, vlookup($B$2,'Master Input'!$O$12:$R$23,'Master Input'!P$11,false), vlookup($B$2,'Master Input'!$O$12:$R$23,'Master Input'!P$11,false)*0.5))) -> 0 | P19: Match - Overall | Q19: =if(Q23="","",Q23+M19) -> -7 | R19: =if(R23="","",R23+Q19) -> -7 | S19: =if(S23="","",S23+R19) -> -7 | T19: =if(T23="","",T23+S19) -> -8 | U19: =if(U23="","",U23+T19) -> -8 | V19: =if(V23="","",V23+U19) -> -7 | W19: =if(W23="","",W23+V19) -> -8 | X19: =if(X23="","",X23+W19) -> -9 | Y19: =if(Y23="","",Y23+X19) -> -8 | Z19: =if(Y19="", "", if(Y19<0, 0, if(Y19>0, vlookup($B$2,'Master Input'!$O$12:$R$23,'Master Input'!R$11,false), vlookup($B$2,'Master Input'!$O$12:$R$23,'Master Input'!R$11,false)*0.5))) -> 0 | AA19: Overall | AB19: =if(Z19="","", sum(N19,Z19,Z20)) -> 0
P20: Match - Back | Q20: =if(Q23="","",Q23) -> 0 | R20: =if(R23="","",R23+Q20) -> 0 | S20: =if(S23="","",S23+R20) -> 0 | T20: =if(T23="","",T23+S20) -> -1 | U20: =if(U23="","",U23+T20) -> -1 | V20: =if(V23="","",V23+U20) -> 0 | W20: =if(W23="","",W23+V20) -> -1 | X20: =if(X23="","",X23+W20) -> -2 | Y20: =if(Y23="","",Y23+X20) -> -1 | Z20: =if(Y20="", "", if(Y20<0, 0, if(Y20>0, vlookup($B$2,'Master Input'!$O$12:$R$23,'Master Input'!Q$11,false), vlookup($B$2,'Master Input'!$O$12:$R$23,'Master Input'!Q$11,false)*0.5))) -> 0 | AA20: Back | AB20: =if(AB19="","",vlookup($B$2,'Master Input'!$O$12:$R$23,2,false)+vlookup($B$2,'Master Input'!$O$12:$R$23,3,false)+vlookup($B$2,'Master Input'!$O$12:$R$23,4,false)-AB19) -> 4
B22: 1 | C22: 2 | D22: 3 | E22: 4 | F22: 5 | G22: 6 | H22: 7 | I22: 8 | J22: 9 | K22: 10 | L22: 11 | M22: 12 | N22: 13 | O22: 14 | P22: 15 | Q22: 16 | R22: 17 | S22: 18 | T22: 19 | U22: 20 | V22: 21 | W22: 22 | X22: 23 | Y22: 24 | Z22: Hole | AA22: Holes | AB22: Point
B23: Match | E23: =if(OR(E8="", E11="", E14="", E17=""), "", if(small({E8-E7,E11-E10},1)<small({E14-E13,E17-E16},1),1, if(small({E8-E7,E11-E10},1)>small({E14-E13,E17-E16},1),-1, 0))) -> -1 | F23: =if(OR(F8="", F11="", F14="", F17=""), "", if(small({F8-F7,F11-F10},1)<small({F14-F13,F17-F16},1),1, if(small({F8-F7,F11-F10},1)>small({F14-F13,F17-F16},1),-1, 0))) -> -1 | G23: =if(OR(G8="", G11="", G14="", G17=""), "", if(small({G8-G7,G11-G10},1)<small({G14-G13,G17-G16},1),1, if(small({G8-G7,G11-G10},1)>small({G14-G13,G17-G16},1),-1, 0))) -> -1 | H23: =if(OR(H8="", H11="", H14="", H17=""), "", if(small({H8-H7,H11-H10},1)<small({H14-H13,H17-H16},1),1, if(small({H8-H7,H11-H10},1)>small({H14-H13,H17-H16},1),-1, 0))) -> -1 | I23: =if(OR(I8="", I11="", I14="", I17=""), "", if(small({I8-I7,I11-I10},1)<small({I14-I13,I17-I16},1),1, if(small({I8-I7,I11-I10},1)>small({I14-I13,I17-I16},1),-1, 0))) -> 1 | J23: =if(OR(J8="", J11="", J14="", J17=""), "", if(small({J8-J7,J11-J10},1)<small({J14-J13,J17-J16},1),1, if(small({J8-J7,J11-J10},1)>small({J14-J13,J17-J16},1),-1, 0))) -> -1 | K23: =if(OR(K8="", K11="", K14="", K17=""), "", if(small({K8-K7,K11-K10},1)<small({K14-K13,K17-K16},1),1, if(small({K8-K7,K11-K10},1)>small({K14-K13,K17-K16},1),-1, 0))) -> -1 | L23: =if(OR(L8="", L11="", L14="", L17=""), "", if(small({L8-L7,L11-L10},1)<small({L14-L13,L17-L16},1),1, if(small({L8-L7,L11-L10},1)>small({L14-L13,L17-L16},1),-1, 0))) -> -1 | M23: =if(OR(M8="", M11="", M14="", M17=""), "", if(small({M8-M7,M11-M10},1)<small({M14-M13,M17-M16},1),1, if(small({M8-M7,M11-M10},1)>small({M14-M13,M17-M16},1),-1, 0))) -> -1 | Q23: =if(OR(Q8="", Q11="", Q14="", Q17=""), "", if(small({Q8-Q7,Q11-Q10},1)<small({Q14-Q13,Q17-Q16},1),1, if(small({Q8-Q7,Q11-Q10},1)>small({Q14-Q13,Q17-Q16},1),-1, 0))) -> 0 | R23: =if(OR(R8="", R11="", R14="", R17=""), "", if(small({R8-R7,R11-R10},1)<small({R14-R13,R17-R16},1),1, if(small({R8-R7,R11-R10},1)>small({R14-R13,R17-R16},1),-1, 0))) -> 0 | S23: =if(OR(S8="", S11="", S14="", S17=""), "", if(small({S8-S7,S11-S10},1)<small({S14-S13,S17-S16},1),1, if(small({S8-S7,S11-S10},1)>small({S14-S13,S17-S16},1),-1, 0))) -> 0 | T23: =if(OR(T8="", T11="", T14="", T17=""), "", if(small({T8-T7,T11-T10},1)<small({T14-T13,T17-T16},1),1, if(small({T8-T7,T11-T10},1)>small({T14-T13,T17-T16},1),-1, 0))) -> -1 | U23: =if(OR(U8="", U11="", U14="", U17=""), "", if(small({U8-U7,U11-U10},1)<small({U14-U13,U17-U16},1),1, if(small({U8-U7,U11-U10},1)>small({U14-U13,U17-U16},1),-1, 0))) -> 0 | V23: =if(OR(V8="", V11="", V14="", V17=""), "", if(small({V8-V7,V11-V10},1)<small({V14-V13,V17-V16},1),1, if(small({V8-V7,V11-V10},1)>small({V14-V13,V17-V16},1),-1, 0))) -> 1 | W23: =if(OR(W8="", W11="", W14="", W17=""), "", if(small({W8-W7,W11-W10},1)<small({W14-W13,W17-W16},1),1, if(small({W8-W7,W11-W10},1)>small({W14-W13,W17-W16},1),-1, 0))) -> -1 | X23: =if(OR(X8="", X11="", X14="", X17=""), "", if(small({X8-X7,X11-X10},1)<small({X14-X13,X17-X16},1),1, if(small({X8-X7,X11-X10},1)>small({X14-X13,X17-X16},1),-1, 0))) -> -1 | Y23: =if(OR(Y8="", Y11="", Y14="", Y17=""), "", if(small({Y8-Y7,Y11-Y10},1)<small({Y14-Y13,Y17-Y16},1),1, if(small({Y8-Y7,Y11-Y10},1)>small({Y14-Y13,Y17-Y16},1),-1, 0))) -> 1 | Z23: Contr | AA23: Won | AB23: Share
B24: =B8 -> Drivers | E24: =if(E23="","",(E23+1)/2) -> 0 | F24: =if(F23="","",(F23+1)/2) -> 0 | G24: =if(G23="","",(G23+1)/2) -> 0 | H24: =if(H23="","",(H23+1)/2) -> 0 | I24: =if(I23="","",(I23+1)/2) -> 1 | J24: =if(J23="","",(J23+1)/2) -> 0 | K24: =if(K23="","",(K23+1)/2) -> 0 | L24: =if(L23="","",(L23+1)/2) -> 0 | M24: =if(M23="","",(M23+1)/2) -> 0 | N24: =if(M23="","",sum(E24:M24)) -> 1 | Q24: =if(Q23="","",(Q23+1)/2) -> 0.5 | R24: =if(R23="","",(R23+1)/2) -> 0.5 | S24: =if(S23="","",(S23+1)/2) -> 0.5 | T24: =if(T23="","",(T23+1)/2) -> 0 | U24: =if(U23="","",(U23+1)/2) -> 0.5 | V24: =if(V23="","",(V23+1)/2) -> 1 | W24: =if(W23="","",(W23+1)/2) -> 0 | X24: =if(X23="","",(X23+1)/2) -> 0 | Y24: =if(Y23="","",(Y23+1)/2) -> 1 | Z24: =if(Y23="","",sum(Q24:Y24)) -> 4 | AA24: =if(Y23="","",sum(Z24,N24)) -> 5
A25: =A8 -> TJSC | E25: =if(E23="","",if(E8-E7<E11-E10,1,if(E8-E7=E11-E10,0.5,0))) -> 0.5 | F25: =if(F23="","",if(F8-F7<F11-F10,1,if(F8-F7=F11-F10,0.5,0))) -> 0.5 | G25: =if(G23="","",if(G8-G7<G11-G10,1,if(G8-G7=G11-G10,0.5,0))) -> 0.5 | H25: =if(H23="","",if(H8-H7<H11-H10,1,if(H8-H7=H11-H10,0.5,0))) -> 0.5 | I25: =if(I23="","",if(I8-I7<I11-I10,1,if(I8-I7=I11-I10,0.5,0))) -> 1 | J25: =if(J23="","",if(J8-J7<J11-J10,1,if(J8-J7=J11-J10,0.5,0))) -> 1 | K25: =if(K23="","",if(K8-K7<K11-K10,1,if(K8-K7=K11-K10,0.5,0))) -> 1 | L25: =if(L23="","",if(L8-L7<L11-L10,1,if(L8-L7=L11-L10,0.5,0))) -> 0.5 | M25: =if(M23="","",if(M8-M7<M11-M10,1,if(M8-M7=M11-M10,0.5,0))) -> 0 | Q25: =if(Q23="","",if(Q8-Q7<Q11-Q10,1,if(Q8-Q7=Q11-Q10,0.5,0))) -> 1 | R25: =if(R23="","",if(R8-R7<R11-R10,1,if(R8-R7=R11-R10,0.5,0))) -> 1 | S25: =if(S23="","",if(S8-S7<S11-S10,1,if(S8-S7=S11-S10,0.5,0))) -> 1 | T25: =if(T23="","",if(T8-T7<T11-T10,1,if(T8-T7=T11-T10,0.5,0))) -> 0.5 | U25: =if(U23="","",if(U8-U7<U11-U10,1,if(U8-U7=U11-U10,0.5,0))) -> 0 | V25: =if(V23="","",if(V8-V7<V11-V10,1,if(V8-V7=V11-V10,0.5,0))) -> 0 | W25: =if(W23="","",if(W8-W7<W11-W10,1,if(W8-W7=W11-W10,0.5,0))) -> 1 | X25: =if(X23="","",if(X8-X7<X11-X10,1,if(X8-X7=X11-X10,0.5,0))) -> 1 | Y25: =if(Y23="","",if(Y8-Y7<Y11-Y10,1,if(Y8-Y7=Y11-Y10,0.5,0))) -> 1 | Z25: =if(Y25="","",sum(E25:M25,Q25:Y25)) -> 12 | AA25: =if(Y25="","",sumproduct({E25:M25,Q25:Y25},{$E$24:$M$24,$Q$24:$Y$24})) -> 3.5 | AB25: =if(Y25="","",if($N$24=0,0,((sumproduct(E25:M25,$E$24:$M$24)/$N$24)*$N$19)) +if($Z$24=0,0,((sumproduct(Q25:Y25,$Q$24:$Y$24)/$Z$24)*$Z$20)) +if($AA$24=0,0,((AA25/$AA$24)*$Z$19))) -> 0
A26: =A11 -> Joe O | E26: =if(E23="","",if(E8-E7>E11-E10,1,if(E8-E7=E11-E10,0.5,0))) -> 0.5 | F26: =if(F23="","",if(F8-F7>F11-F10,1,if(F8-F7=F11-F10,0.5,0))) -> 0.5 | G26: =if(G23="","",if(G8-G7>G11-G10,1,if(G8-G7=G11-G10,0.5,0))) -> 0.5 | H26: =if(H23="","",if(H8-H7>H11-H10,1,if(H8-H7=H11-H10,0.5,0))) -> 0.5 | I26: =if(I23="","",if(I8-I7>I11-I10,1,if(I8-I7=I11-I10,0.5,0))) -> 0 | J26: =if(J23="","",if(J8-J7>J11-J10,1,if(J8-J7=J11-J10,0.5,0))) -> 0 | K26: =if(K23="","",if(K8-K7>K11-K10,1,if(K8-K7=K11-K10,0.5,0))) -> 0 | L26: =if(L23="","",if(L8-L7>L11-L10,1,if(L8-L7=L11-L10,0.5,0))) -> 0.5 | M26: =if(M23="","",if(M8-M7>M11-M10,1,if(M8-M7=M11-M10,0.5,0))) -> 1 | Q26: =if(Q23="","",if(Q8-Q7>Q11-Q10,1,if(Q8-Q7=Q11-Q10,0.5,0))) -> 0 | R26: =if(R23="","",if(R8-R7>R11-R10,1,if(R8-R7=R11-R10,0.5,0))) -> 0 | S26: =if(S23="","",if(S8-S7>S11-S10,1,if(S8-S7=S11-S10,0.5,0))) -> 0 | T26: =if(T23="","",if(T8-T7>T11-T10,1,if(T8-T7=T11-T10,0.5,0))) -> 0.5 | U26: =if(U23="","",if(U8-U7>U11-U10,1,if(U8-U7=U11-U10,0.5,0))) -> 1 | V26: =if(V23="","",if(V8-V7>V11-V10,1,if(V8-V7=V11-V10,0.5,0))) -> 1 | W26: =if(W23="","",if(W8-W7>W11-W10,1,if(W8-W7=W11-W10,0.5,0))) -> 0 | X26: =if(X23="","",if(X8-X7>X11-X10,1,if(X8-X7=X11-X10,0.5,0))) -> 0 | Y26: =if(Y23="","",if(Y8-Y7>Y11-Y10,1,if(Y8-Y7=Y11-Y10,0.5,0))) -> 0 | Z26: =if(Y26="","",sum(E26:M26,Q26:Y26)) -> 6 | AA26: =if(Y26="","",sumproduct({E26:M26,Q26:Y26},{$E$24:$M$24,$Q$24:$Y$24})) -> 1.5 | AB26: =if(Y26="","",if($N$24=0,0,((sumproduct(E26:M26,$E$24:$M$24)/$N$24)*$N$19)) +if($Z$24=0,0,((sumproduct(Q26:Y26,$Q$24:$Y$24)/$Z$24)*$Z$20)) +if($AA$24=0,0,((AA26/$AA$24)*$Z$19))) -> 0
B27: =B14 -> Irons | E27: =if(E23="","",(1-E23)/2) -> 1 | F27: =if(F23="","",(1-F23)/2) -> 1 | G27: =if(G23="","",(1-G23)/2) -> 1 | H27: =if(H23="","",(1-H23)/2) -> 1 | I27: =if(I23="","",(1-I23)/2) -> 0 | J27: =if(J23="","",(1-J23)/2) -> 1 | K27: =if(K23="","",(1-K23)/2) -> 1 | L27: =if(L23="","",(1-L23)/2) -> 1 | M27: =if(M23="","",(1-M23)/2) -> 1 | N27: =if(M26="","",sum(E27:M27)) -> 8 | Q27: =if(Q23="","",(1-Q23)/2) -> 0.5 | R27: =if(R23="","",(1-R23)/2) -> 0.5 | S27: =if(S23="","",(1-S23)/2) -> 0.5 | T27: =if(T23="","",(1-T23)/2) -> 1 | U27: =if(U23="","",(1-U23)/2) -> 0.5 | V27: =if(V23="","",(1-V23)/2) -> 0 | W27: =if(W23="","",(1-W23)/2) -> 1 | X27: =if(X23="","",(1-X23)/2) -> 1 | Y27: =if(Y23="","",(1-Y23)/2) -> 0 | Z27: =if(Y26="","",sum(Q27:Y27)) -> 5 | AA27: =if(Y26="","",sum(Z27,N27)) -> 13
A28: =A14 -> CuzNick | E28: =if(E23="","",if(E17-E16>E14-E13,1,if(E17-E16=E14-E13,0.5,0))) -> 0.5 | F28: =if(F23="","",if(F17-F16>F14-F13,1,if(F17-F16=F14-F13,0.5,0))) -> 0 | G28: =if(G23="","",if(G17-G16>G14-G13,1,if(G17-G16=G14-G13,0.5,0))) -> 0 | H28: =if(H23="","",if(H17-H16>H14-H13,1,if(H17-H16=H14-H13,0.5,0))) -> 1 | I28: =if(I23="","",if(I17-I16>I14-I13,1,if(I17-I16=I14-I13,0.5,0))) -> 1 | J28: =if(J23="","",if(J17-J16>J14-J13,1,if(J17-J16=J14-J13,0.5,0))) -> 0 | K28: =if(K23="","",if(K17-K16>K14-K13,1,if(K17-K16=K14-K13,0.5,0))) -> 0 | L28: =if(L23="","",if(L17-L16>L14-L13,1,if(L17-L16=L14-L13,0.5,0))) -> 1 | M28: =if(M23="","",if(M17-M16>M14-M13,1,if(M17-M16=M14-M13,0.5,0))) -> 0.5 | Q28: =if(Q23="","",if(Q17-Q16>Q14-Q13,1,if(Q17-Q16=Q14-Q13,0.5,0))) -> 0.5 | R28: =if(R23="","",if(R17-R16>R14-R13,1,if(R17-R16=R14-R13,0.5,0))) -> 0 | S28: =if(S23="","",if(S17-S16>S14-S13,1,if(S17-S16=S14-S13,0.5,0))) -> 0.5 | T28: =if(T23="","",if(T17-T16>T14-T13,1,if(T17-T16=T14-T13,0.5,0))) -> 0.5 | U28: =if(U23="","",if(U17-U16>U14-U13,1,if(U17-U16=U14-U13,0.5,0))) -> 0.5 | V28: =if(V23="","",if(V17-V16>V14-V13,1,if(V17-V16=V14-V13,0.5,0))) -> 1 | W28: =if(W23="","",if(W17-W16>W14-W13,1,if(W17-W16=W14-W13,0.5,0))) -> 1 | X28: =if(X23="","",if(X17-X16>X14-X13,1,if(X17-X16=X14-X13,0.5,0))) -> 0 | Y28: =if(Y23="","",if(Y17-Y16>Y14-Y13,1,if(Y17-Y16=Y14-Y13,0.5,0))) -> 1 | Z28: =if(Y28="","",sum(E28:M28,Q28:Y28)) -> 9 | AA28: =if(Y28="","",sumproduct({E28:M28,Q28:Y28},{$E$27:$M$27,$Q$27:$Y$27})) -> 5.25 | AB28: =if(Y28="","",if($N$27=0,0,((sumproduct(E28:M28,$E$27:$M$27)/$N$27)*(vlookup($B$2,'Master Input'!$O$12:$R$23,'Master Input'!P$11,false)-$N$19))) +if($Z$27=0,0,((sumproduct(Q28:Y28,$Q$27:$Y$27)/$Z$27)*(vlookup($B$2,'Master Input'!$O$12:$R$23,'Master Input'!Q$11,false)-$Z$20))) +if($AA$27=0,0,((AA28/$AA$27)*(vlookup($B$2,'Master Input'!$O$12:$R$23,'Master Input'!R$11,false)-$Z$19)))) -> 1.6326923
A29: =A17 -> Saugy | E29: =if(E23="","",if(E17-E16<E14-E13,1,if(E17-E16=E14-E13,0.5,0))) -> 0.5 | F29: =if(F23="","",if(F17-F16<F14-F13,1,if(F17-F16=F14-F13,0.5,0))) -> 1 | G29: =if(G23="","",if(G17-G16<G14-G13,1,if(G17-G16=G14-G13,0.5,0))) -> 1 | H29: =if(H23="","",if(H17-H16<H14-H13,1,if(H17-H16=H14-H13,0.5,0))) -> 0 | I29: =if(I23="","",if(I17-I16<I14-I13,1,if(I17-I16=I14-I13,0.5,0))) -> 0 | J29: =if(J23="","",if(J17-J16<J14-J13,1,if(J17-J16=J14-J13,0.5,0))) -> 1 | K29: =if(K23="","",if(K17-K16<K14-K13,1,if(K17-K16=K14-K13,0.5,0))) -> 1 | L29: =if(L23="","",if(L17-L16<L14-L13,1,if(L17-L16=L14-L13,0.5,0))) -> 0 | M29: =if(M23="","",if(M17-M16<M14-M13,1,if(M17-M16=M14-M13,0.5,0))) -> 0.5 | Q29: =if(Q23="","",if(Q17-Q16<Q14-Q13,1,if(Q17-Q16=Q14-Q13,0.5,0))) -> 0.5 | R29: =if(R23="","",if(R17-R16<R14-R13,1,if(R17-R16=R14-R13,0.5,0))) -> 1 | S29: =if(S23="","",if(S17-S16<S14-S13,1,if(S17-S16=S14-S13,0.5,0))) -> 0.5 | T29: =if(T23="","",if(T17-T16<T14-T13,1,if(T17-T16=T14-T13,0.5,0))) -> 0.5 | U29: =if(U23="","",if(U17-U16<U14-U13,1,if(U17-U16=U14-U13,0.5,0))) -> 0.5 | V29: =if(V23="","",if(V17-V16<V14-V13,1,if(V17-V16=V14-V13,0.5,0))) -> 0 | W29: =if(W23="","",if(W17-W16<W14-W13,1,if(W17-W16=W14-W13,0.5,0))) -> 0 | X29: =if(X23="","",if(X17-X16<X14-X13,1,if(X17-X16=X14-X13,0.5,0))) -> 1 | Y29: =if(Y23="","",if(Y17-Y16<Y14-Y13,1,if(Y17-Y16=Y14-Y13,0.5,0))) -> 0 | Z29: =if(Y29="","",sum(E29:M29,Q29:Y29)) -> 9 | AA29: =if(Y29="","",sumproduct({E29:M29,Q29:Y29},{$E$27:$M$27,$Q$27:$Y$27})) -> 7.75 | AB29: =if(Y29="","",((sumproduct(E29:M29,$E$27:$M$27)/$N$27)*(vlookup($B$2,'Master Input'!$O$12:$R$23,'Master Input'!P$11,false)-$N$19)) +((sumproduct(Q29:Y29,$Q$27:$Y$27)/$Z$27)*(vlookup($B$2,'Master Input'!$O$12:$R$23,'Master Input'!Q$11,false)-$Z$20)) +((AA29/$AA$27)*(vlookup($B$2,'Master Input'!$O$12:$R$23,'Master Input'!R$11,false)-$Z$19))) -> 2.3673077
E30: =sum(E25:E26,E28:E29) -> 2 | F30: =sum(F25:F26,F28:F29) -> 2 | G30: =sum(G25:G26,G28:G29) -> 2 | H30: =sum(H25:H26,H28:H29) -> 2 | I30: =sum(I25:I26,I28:I29) -> 2 | J30: =sum(J25:J26,J28:J29) -> 2 | K30: =sum(K25:K26,K28:K29) -> 2 | L30: =sum(L25:L26,L28:L29) -> 2 | M30: =sum(M25:M26,M28:M29) -> 2 | Q30: =sum(Q25:Q26,Q28:Q29) -> 2 | R30: =sum(R25:R26,R28:R29) -> 2 | S30: =sum(S25:S26,S28:S29) -> 2 | T30: =sum(T25:T26,T28:T29) -> 2 | U30: =sum(U25:U26,U28:U29) -> 2 | V30: =sum(V25:V26,V28:V29) -> 2 | W30: =sum(W25:W26,W28:W29) -> 2 | X30: =sum(X25:X26,X28:X29) -> 2 | ... Z30: =sum(Z25:Z26,Z28:Z29) -> 36

Sheet R1_G2
A1: Group 2 | B1: ='Master Input'!F3 -> 0.52777778 | C1: ='Master Input'!$E$2 -> Round 1 | E1: ='Master Input'!$E$6 -> GVSU Meadows - Blue | P1: ='Master Input'!$E$2 -> Round 1 | R1: ='Master Input'!$E$6 -> GVSU Meadows - Blue
A2: Handi: | B2: ='Match Selection'!B4 -> 2-Man Best Ball | D2: Handi: | E2: =vlookup($E1, 'Course List'!$A$3:$AS$14,5+E4, false) -> 2 | F2: =vlookup($E1, 'Course List'!$A$3:$AS$14,5+F4, false) -> 8 | G2: =vlookup($E1, 'Course List'!$A$3:$AS$14,5+G4, false) -> 14 | H2: =vlookup($E1, 'Course List'!$A$3:$AS$14,5+H4, false) -> 12 | I2: =vlookup($E1, 'Course List'!$A$3:$AS$14,5+I4, false) -> 6 | J2: =vlookup($E1, 'Course List'!$A$3:$AS$14,5+J4, false) -> 18 | K2: =vlookup($E1, 'Course List'!$A$3:$AS$14,5+K4, false) -> 10 | L2: =vlookup($E1, 'Course List'!$A$3:$AS$14,5+L4, false) -> 4 | M2: =vlookup($E1, 'Course List'!$A$3:$AS$14,5+M4, false) -> 16 | P2: Handi: | Q2: =vlookup($E1, 'Course List'!$A$3:$AS$14,5+Q4, false) -> 13 | R2: =vlookup($E1, 'Course List'!$A$3:$AS$14,5+R4, false) -> 3 | S2: =vlookup($E1, 'Course List'!$A$3:$AS$14,5+S4, false) -> 9 | T2: =vlookup($E1, 'Course List'!$A$3:$AS$14,5+T4, false) -> 15 | U2: =vlookup($E1, 'Course List'!$A$3:$AS$14,5+U4, false) -> 11 | V2: =vlookup($E1, 'Course List'!$A$3:$AS$14,5+V4, false) -> 5 | W2: =vlookup($E1, 'Course List'!$A$3:$AS$14,5+W4, false) -> 7 | X2: =vlookup($E1, 'Course List'!$A$3:$AS$14,5+X4, false) -> 17 | Y2: =vlookup($E1, 'Course List'!$A$3:$AS$14,5+Y4, false) -> 1
A3: Par: | D3: Par: | E3: =vlookup($E1, 'Course List'!$A$3:$AS$14,27+E4, false) -> 4 | F3: =vlookup($E1, 'Course List'!$A$3:$AS$14,27+F4, false) -> 4 | G3: =vlookup($E1, 'Course List'!$A$3:$AS$14,27+G4, false) -> 3 | H3: =vlookup($E1, 'Course List'!$A$3:$AS$14,27+H4, false) -> 5 | I3: =vlookup($E1, 'Course List'!$A$3:$AS$14,27+I4, false) -> 4 | J3: =vlookup($E1, 'Course List'!$A$3:$AS$14,27+J4, false) -> 4 | K3: =vlookup($E1, 'Course List'!$A$3:$AS$14,27+K4, false) -> 3 | L3: =vlookup($E1, 'Course List'!$A$3:$AS$14,27+L4, false) -> 4 | M3: =vlookup($E1, 'Course List'!$A$3:$AS$14,27+M4, false) -> 5 | N3: =SUM(E3:M3) -> 36 | P3: Par: | Q3: =vlookup($E1, 'Course List'!$A$3:$AS$14,27+Q4, false) -> 4 | R3: =vlookup($E1, 'Course List'!$A$3:$AS$14,27+R4, false) -> 4 | S3: =vlookup($E1, 'Course List'!$A$3:$AS$14,27+S4, false) -> 4 | T3: =vlookup($E1, 'Course List'!$A$3:$AS$14,27+T4, false) -> 3 | U3: =vlookup($E1, 'Course List'!$A$3:$AS$14,27+U4, false) -> 5 | V3: =vlookup($E1, 'Course List'!$A$3:$AS$14,27+V4, false) -> 4 | W3: =vlookup($E1, 'Course List'!$A$3:$AS$14,27+W4, false) -> 4 | X3: =vlookup($E1, 'Course List'!$A$3:$AS$14,27+X4, false) -> 3 | Y3: =vlookup($E1, 'Course List'!$A$3:$AS$14,27+Y4, false) -> 4 | Z3: =SUM(Q3:Y3) -> 35 | AA3: =N3+Z3 -> 71
A4: Hole: | B4: Team | C4: Tee HCP | D4: Net HCP | E4: 1 | F4: 2 | G4: 3 | H4: 4 | I4: 5 | J4: 6 | K4: 7 | L4: 8 | M4: 9 | N4: OUT | P4: Hole: | Q4: 10 | R4: 11 | S4: 12 | T4: 13 | U4: 14 | V4: 15 | W4: 16 | X4: 17 | Y4: 18 | Z4: IN | AA4: Total Gross | AB4: Total Net
E6: =if(E7=1,"O", if(E7=2,"O O","")) -> O | F6: =if(F7=1,"O", if(F7=2,"O O","")) | G6: =if(G7=1,"O", if(G7=2,"O O","")) | H6: =if(H7=1,"O", if(H7=2,"O O","")) | I6: =if(I7=1,"O", if(I7=2,"O O","")) | J6: =if(J7=1,"O", if(J7=2,"O O","")) | K6: =if(K7=1,"O", if(K7=2,"O O","")) | L6: =if(L7=1,"O", if(L7=2,"O O","")) | M6: =if(M7=1,"O", if(M7=2,"O O","")) | Q6: =if(Q7=1,"O", if(Q7=2,"O O","")) | R6: =if(R7=1,"O", if(R7=2,"O O","")) -> O | S6: =if(S7=1,"O", if(S7=2,"O O","")) | T6: =if(T7=1,"O", if(T7=2,"O O","")) | U6: =if(U7=1,"O", if(U7=2,"O O","")) | V6: =if(V7=1,"O", if(V7=2,"O O","")) | W6: =if(W7=1,"O", if(W7=2,"O O","")) | X6: =if(X7=1,"O", if(X7=2,"O O","")) | Y6: =if(Y7=1,"O", if(Y7=2,"O O","")) -> O
E7: =IF($D8>0,FLOOR($D8/18,1),0)+IF(AND(MOD($D8,18)>=E$2,$D8>0),1,0)-IF(E$2-18>$D8,1,0) -> 1 | F7: =IF($D8>0,FLOOR($D8/18,1),0)+IF(AND(MOD($D8,18)>=F$2,$D8>0),1,0)-IF(F$2-18>$D8,1,0) -> 0 | G7: =IF($D8>0,FLOOR($D8/18,1),0)+IF(AND(MOD($D8,18)>=G$2,$D8>0),1,0)-IF(G$2-18>$D8,1,0) -> 0 | H7: =IF($D8>0,FLOOR($D8/18,1),0)+IF(AND(MOD($D8,18)>=H$2,$D8>0),1,0)-IF(H$2-18>$D8,1,0) -> 0 | I7: =IF($D8>0,FLOOR($D8/18,1),0)+IF(AND(MOD($D8,18)>=I$2,$D8>0),1,0)-IF(I$2-18>$D8,1,0) -> 0 | J7: =IF($D8>0,FLOOR($D8/18,1),0)+IF(AND(MOD($D8,18)>=J$2,$D8>0),1,0)-IF(J$2-18>$D8,1,0) -> 0 | K7: =IF($D8>0,FLOOR($D8/18,1),0)+IF(AND(MOD($D8,18)>=K$2,$D8>0),1,0)-IF(K$2-18>$D8,1,0) -> 0 | L7: =IF($D8>0,FLOOR($D8/18,1),0)+IF(AND(MOD($D8,18)>=L$2,$D8>0),1,0)-IF(L$2-18>$D8,1,0) -> 0 | M7: =IF($D8>0,FLOOR($D8/18,1),0)+IF(AND(MOD($D8,18)>=M$2,$D8>0),1,0)-IF(M$2-18>$D8,1,0) -> 0 | Q7: =IF($D8>0,FLOOR($D8/18,1),0)+IF(AND(MOD($D8,18)>=Q$2,$D8>0),1,0)-IF(Q$2-18>$D8,1,0) -> 0 | R7: =IF($D8>0,FLOOR($D8/18,1),0)+IF(AND(MOD($D8,18)>=R$2,$D8>0),1,0)-IF(R$2-18>$D8,1,0) -> 1 | S7: =IF($D8>0,FLOOR($D8/18,1),0)+IF(AND(MOD($D8,18)>=S$2,$D8>0),1,0)-IF(S$2-18>$D8,1,0) -> 0 | T7: =IF($D8>0,FLOOR($D8/18,1),0)+IF(AND(MOD($D8,18)>=T$2,$D8>0),1,0)-IF(T$2-18>$D8,1,0) -> 0 | U7: =IF($D8>0,FLOOR($D8/18,1),0)+IF(AND(MOD($D8,18)>=U$2,$D8>0),1,0)-IF(U$2-18>$D8,1,0) -> 0 | V7: =IF($D8>0,FLOOR($D8/18,1),0)+IF(AND(MOD($D8,18)>=V$2,$D8>0),1,0)-IF(V$2-18>$D8,1,0) -> 0 | W7: =IF($D8>0,FLOOR($D8/18,1),0)+IF(AND(MOD($D8,18)>=W$2,$D8>0),1,0)-IF(W$2-18>$D8,1,0) -> 0 | X7: =IF($D8>0,FLOOR($D8/18,1),0)+IF(AND(MOD($D8,18)>=X$2,$D8>0),1,0)-IF(X$2-18>$D8,1,0) -> 0 | Y7: =IF($D8>0,FLOOR($D8/18,1),0)+IF(AND(MOD($D8,18)>=Y$2,$D8>0),1,0)-IF(Y$2-18>$D8,1,0) -> 1
A8: ='Match Selection'!J4 -> R-Mac | B8: =vlookup(A8, 'Master Input'!$A$11:$B$27, 2, false) -> Drivers | C8: =vlookup(A8,'Master Input'!$A$11:$L$27,'Master Input'!$F$28, false) -> 12 | D8: =C8-SMALL($C$8:$C$17,1) -> 3 | E8: 5 | F8: 5 | G8: 4 | H8: 7 | I8: 5 | J8: 4 | K8: 5 | L8: 4 | M8: 6 | N8: =if(M8="","", sum(E8:M8)) -> 45 | P8: =A8 -> R-Mac | Q8: 5 | R8: 5 | S8: 4 | T8: 4 | U8: 9 | V8: 6 | W8: 4 | X8: 6 | Y8: 6 | Z8: =if(Y8="","", sum(Q8:Y8)) -> 49 | AA8: =if(Z8="", "", sum(N8,Z8)) -> 94 | AB8: =if(Y8="", "", AA8-C8) -> 82
E9: =if(E10=1,"O", if(E10=2,"O O","")) -> O | F9: =if(F10=1,"O", if(F10=2,"O O","")) | G9: =if(G10=1,"O", if(G10=2,"O O","")) | H9: =if(H10=1,"O", if(H10=2,"O O","")) | I9: =if(I10=1,"O", if(I10=2,"O O","")) | J9: =if(J10=1,"O", if(J10=2,"O O","")) | K9: =if(K10=1,"O", if(K10=2,"O O","")) | L9: =if(L10=1,"O", if(L10=2,"O O","")) -> O | M9: =if(M10=1,"O", if(M10=2,"O O","")) | Q9: =if(Q10=1,"O", if(Q10=2,"O O","")) | R9: =if(R10=1,"O", if(R10=2,"O O","")) -> O | S9: =if(S10=1,"O", if(S10=2,"O O","")) | T9: =if(T10=1,"O", if(T10=2,"O O","")) | U9: =if(U10=1,"O", if(U10=2,"O O","")) | V9: =if(V10=1,"O", if(V10=2,"O O","")) | W9: =if(W10=1,"O", if(W10=2,"O O","")) | X9: =if(X10=1,"O", if(X10=2,"O O","")) | Y9: =if(Y10=1,"O", if(Y10=2,"O O","")) -> O
E10: =IF($D11>0,FLOOR($D11/18,1),0)+IF(AND(MOD($D11,18)>=E$2,$D11>0),1,0)-IF(E$2-18>$D11,1,0) -> 1 | F10: =IF($D11>0,FLOOR($D11/18,1),0)+IF(AND(MOD($D11,18)>=F$2,$D11>0),1,0)-IF(F$2-18>$D11,1,0) -> 0 | G10: =IF($D11>0,FLOOR($D11/18,1),0)+IF(AND(MOD($D11,18)>=G$2,$D11>0),1,0)-IF(G$2-18>$D11,1,0) -> 0 | H10: =IF($D11>0,FLOOR($D11/18,1),0)+IF(AND(MOD($D11,18)>=H$2,$D11>0),1,0)-IF(H$2-18>$D11,1,0) -> 0 | I10: =IF($D11>0,FLOOR($D11/18,1),0)+IF(AND(MOD($D11,18)>=I$2,$D11>0),1,0)-IF(I$2-18>$D11,1,0) -> 0 | J10: =IF($D11>0,FLOOR($D11/18,1),0)+IF(AND(MOD($D11,18)>=J$2,$D11>0),1,0)-IF(J$2-18>$D11,1,0) -> 0 | K10: =IF($D11>0,FLOOR($D11/18,1),0)+IF(AND(MOD($D11,18)>=K$2,$D11>0),1,0)-IF(K$2-18>$D11,1,0) -> 0 | L10: =IF($D11>0,FLOOR($D11/18,1),0)+IF(AND(MOD($D11,18)>=L$2,$D11>0),1,0)-IF(L$2-18>$D11,1,0) -> 1 | M10: =IF($D11>0,FLOOR($D11/18,1),0)+IF(AND(MOD($D11,18)>=M$2,$D11>0),1,0)-IF(M$2-18>$D11,1,0) -> 0 | Q10: =IF($D11>0,FLOOR($D11/18,1),0)+IF(AND(MOD($D11,18)>=Q$2,$D11>0),1,0)-IF(Q$2-18>$D11,1,0) -> 0 | R10: =IF($D11>0,FLOOR($D11/18,1),0)+IF(AND(MOD($D11,18)>=R$2,$D11>0),1,0)-IF(R$2-18>$D11,1,0) -> 1 | S10: =IF($D11>0,FLOOR($D11/18,1),0)+IF(AND(MOD($D11,18)>=S$2,$D11>0),1,0)-IF(S$2-18>$D11,1,0) -> 0 | T10: =IF($D11>0,FLOOR($D11/18,1),0)+IF(AND(MOD($D11,18)>=T$2,$D11>0),1,0)-IF(T$2-18>$D11,1,0) -> 0 | U10: =IF($D11>0,FLOOR($D11/18,1),0)+IF(AND(MOD($D11,18)>=U$2,$D11>0),1,0)-IF(U$2-18>$D11,1,0) -> 0 | V10: =IF($D11>0,FLOOR($D11/18,1),0)+IF(AND(MOD($D11,18)>=V$2,$D11>0),1,0)-IF(V$2-18>$D11,1,0) -> 0 | W10: =IF($D11>0,FLOOR($D11/18,1),0)+IF(AND(MOD($D11,18)>=W$2,$D11>0),1,0)-IF(W$2-18>$D11,1,0) -> 0 | X10: =IF($D11>0,FLOOR($D11/18,1),0)+IF(AND(MOD($D11,18)>=X$2,$D11>0),1,0)-IF(X$2-18>$D11,1,0) -> 0 | Y10: =IF($D11>0,FLOOR($D11/18,1),0)+IF(AND(MOD($D11,18)>=Y$2,$D11>0),1,0)-IF(Y$2-18>$D11,1,0) -> 1
A11: ='Match Selection'!J5 -> T-Mo | B11: =vlookup(A11, 'Master Input'!$A$11:$B$27, 2, false) -> Drivers | C11: =vlookup(A11,'Master Input'!$A$11:$L$27,'Master Input'!$F$28, false) -> 13 | D11: =C11-SMALL($C$8:$C$17,1) -> 4 | E11: 6 | F11: 6 | G11: 5 | H11: 7 | I11: 5 | J11: 4 | K11: 3 | L11: 4 | M11: 5 | N11: =if(M11="","", sum(E11:M11)) -> 45 | P11: =A11 -> T-Mo | Q11: 5 | R11: 6 | S11: 5 | T11: 3 | U11: 6 | V11: 6 | W11: 5 | X11: 3 | Y11: 6 | Z11: =if(Y11="","", sum(Q11:Y11)) -> 45 | AA11: =if(Z11="", "", sum(N11,Z11)) -> 90 | AB11: =if(Y11="", "", AA11-C11) -> 77
E12: =if(E13=1,"O", if(E13=2,"O O","")) | F12: =if(F13=1,"O", if(F13=2,"O O","")) | G12: =if(G13=1,"O", if(G13=2,"O O","")) | H12: =if(H13=1,"O", if(H13=2,"O O","")) | I12: =if(I13=1,"O", if(I13=2,"O O","")) | J12: =if(J13=1,"O", if(J13=2,"O O","")) | K12: =if(K13=1,"O", if(K13=2,"O O","")) | L12: =if(L13=1,"O", if(L13=2,"O O","")) | M12: =if(M13=1,"O", if(M13=2,"O O","")) | Q12: =if(Q13=1,"O", if(Q13=2,"O O","")) | R12: =if(R13=1,"O", if(R13=2,"O O","")) | S12: =if(S13=1,"O", if(S13=2,"O O","")) | T12: =if(T13=1,"O", if(T13=2,"O O","")) | U12: =if(U13=1,"O", if(U13=2,"O O","")) | V12: =if(V13=1,"O", if(V13=2,"O O","")) | W12: =if(W13=1,"O", if(W13=2,"O O","")) | X12: =if(X13=1,"O", if(X13=2,"O O","")) | Y12: =if(Y13=1,"O", if(Y13=2,"O O",""))
E13: =IF($D14>0,FLOOR($D14/18,1),0)+IF(AND(MOD($D14,18)>=E$2,$D14>0),1,0)-IF(E$2-18>$D14,1,0) -> 0 | F13: =IF($D14>0,FLOOR($D14/18,1),0)+IF(AND(MOD($D14,18)>=F$2,$D14>0),1,0)-IF(F$2-18>$D14,1,0) -> 0 | G13: =IF($D14>0,FLOOR($D14/18,1),0)+IF(AND(MOD($D14,18)>=G$2,$D14>0),1,0)-IF(G$2-18>$D14,1,0) -> 0 | H13: =IF($D14>0,FLOOR($D14/18,1),0)+IF(AND(MOD($D14,18)>=H$2,$D14>0),1,0)-IF(H$2-18>$D14,1,0) -> 0 | I13: =IF($D14>0,FLOOR($D14/18,1),0)+IF(AND(MOD($D14,18)>=I$2,$D14>0),1,0)-IF(I$2-18>$D14,1,0) -> 0 | J13: =IF($D14>0,FLOOR($D14/18,1),0)+IF(AND(MOD($D14,18)>=J$2,$D14>0),1,0)-IF(J$2-18>$D14,1,0) -> 0 | K13: =IF($D14>0,FLOOR($D14/18,1),0)+IF(AND(MOD($D14,18)>=K$2,$D14>0),1,0)-IF(K$2-18>$D14,1,0) -> 0 | L13: =IF($D14>0,FLOOR($D14/18,1),0)+IF(AND(MOD($D14,18)>=L$2,$D14>0),1,0)-IF(L$2-18>$D14,1,0) -> 0 | M13: =IF($D14>0,FLOOR($D14/18,1),0)+IF(AND(MOD($D14,18)>=M$2,$D14>0),1,0)-IF(M$2-18>$D14,1,0) -> 0 | Q13: =IF($D14>0,FLOOR($D14/18,1),0)+IF(AND(MOD($D14,18)>=Q$2,$D14>0),1,0)-IF(Q$2-18>$D14,1,0) -> 0 | R13: =IF($D14>0,FLOOR($D14/18,1),0)+IF(AND(MOD($D14,18)>=R$2,$D14>0),1,0)-IF(R$2-18>$D14,1,0) -> 0 | S13: =IF($D14>0,FLOOR($D14/18,1),0)+IF(AND(MOD($D14,18)>=S$2,$D14>0),1,0)-IF(S$2-18>$D14,1,0) -> 0 | T13: =IF($D14>0,FLOOR($D14/18,1),0)+IF(AND(MOD($D14,18)>=T$2,$D14>0),1,0)-IF(T$2-18>$D14,1,0) -> 0 | U13: =IF($D14>0,FLOOR($D14/18,1),0)+IF(AND(MOD($D14,18)>=U$2,$D14>0),1,0)-IF(U$2-18>$D14,1,0) -> 0 | V13: =IF($D14>0,FLOOR($D14/18,1),0)+IF(AND(MOD($D14,18)>=V$2,$D14>0),1,0)-IF(V$2-18>$D14,1,0) -> 0 | W13: =IF($D14>0,FLOOR($D14/18,1),0)+IF(AND(MOD($D14,18)>=W$2,$D14>0),1,0)-IF(W$2-18>$D14,1,0) -> 0 | X13: =IF($D14>0,FLOOR($D14/18,1),0)+IF(AND(MOD($D14,18)>=X$2,$D14>0),1,0)-IF(X$2-18>$D14,1,0) -> 0 | Y13: =IF($D14>0,FLOOR($D14/18,1),0)+IF(AND(MOD($D14,18)>=Y$2,$D14>0),1,0)-IF(Y$2-18>$D14,1,0) -> 0
A14: ='Match Selection'!M4 -> Andy | B14: =vlookup(A14, 'Master Input'!$A$11:$B$27, 2, false) -> Irons | C14: =vlookup(A14,'Master Input'!$A$11:$L$27,'Master Input'!$F$28, false) -> 9 | D14: =C14-SMALL($C$8:$C$17,1) -> 0 | E14: 6 | F14: 5 | G14: 4 | H14: 6 | I14: 5 | J14: 4 | K14: 4 | L14: 6 | M14: 8 | N14: =if(M14="","", sum(E14:M14)) -> 48 | P14: =A14 -> Andy | Q14: 4 | R14: 5 | S14: 5 | T14: 3 | U14: 5 | V14: 4 | W14: 6 | X14: 3 | Y14: 4 | Z14: =if(Y14="","", sum(Q14:Y14)) -> 39 | AA14: =if(Z14="", "", sum(N14,Z14)) -> 87 | AB14: =if(Y14="", "", AA14-C14) -> 78
E15: =if(E16=1,"O", if(E16=2,"O O","")) -> O | F15: =if(F16=1,"O", if(F16=2,"O O","")) | G15: =if(G16=1,"O", if(G16=2,"O O","")) | H15: =if(H16=1,"O", if(H16=2,"O O","")) | I15: =if(I16=1,"O", if(I16=2,"O O","")) | J15: =if(J16=1,"O", if(J16=2,"O O","")) | K15: =if(K16=1,"O", if(K16=2,"O O","")) | L15: =if(L16=1,"O", if(L16=2,"O O","")) | M15: =if(M16=1,"O", if(M16=2,"O O","")) | Q15: =if(Q16=1,"O", if(Q16=2,"O O","")) | R15: =if(R16=1,"O", if(R16=2,"O O","")) | S15: =if(S16=1,"O", if(S16=2,"O O","")) | T15: =if(T16=1,"O", if(T16=2,"O O","")) | U15: =if(U16=1,"O", if(U16=2,"O O","")) | V15: =if(V16=1,"O", if(V16=2,"O O","")) | W15: =if(W16=1,"O", if(W16=2,"O O","")) | X15: =if(X16=1,"O", if(X16=2,"O O","")) | Y15: =if(Y16=1,"O", if(Y16=2,"O O","")) -> O
E16: =IF($D17>0,FLOOR($D17/18,1),0)+IF(AND(MOD($D17,18)>=E$2,$D17>0),1,0)-IF(E$2-18>$D17,1,0) -> 1 | F16: =IF($D17>0,FLOOR($D17/18,1),0)+IF(AND(MOD($D17,18)>=F$2,$D17>0),1,0)-IF(F$2-18>$D17,1,0) -> 0 | G16: =IF($D17>0,FLOOR($D17/18,1),0)+IF(AND(MOD($D17,18)>=G$2,$D17>0),1,0)-IF(G$2-18>$D17,1,0) -> 0 | H16: =IF($D17>0,FLOOR($D17/18,1),0)+IF(AND(MOD($D17,18)>=H$2,$D17>0),1,0)-IF(H$2-18>$D17,1,0) -> 0 | I16: =IF($D17>0,FLOOR($D17/18,1),0)+IF(AND(MOD($D17,18)>=I$2,$D17>0),1,0)-IF(I$2-18>$D17,1,0) -> 0 | J16: =IF($D17>0,FLOOR($D17/18,1),0)+IF(AND(MOD($D17,18)>=J$2,$D17>0),1,0)-IF(J$2-18>$D17,1,0) -> 0 | K16: =IF($D17>0,FLOOR($D17/18,1),0)+IF(AND(MOD($D17,18)>=K$2,$D17>0),1,0)-IF(K$2-18>$D17,1,0) -> 0 | L16: =IF($D17>0,FLOOR($D17/18,1),0)+IF(AND(MOD($D17,18)>=L$2,$D17>0),1,0)-IF(L$2-18>$D17,1,0) -> 0 | M16: =IF($D17>0,FLOOR($D17/18,1),0)+IF(AND(MOD($D17,18)>=M$2,$D17>0),1,0)-IF(M$2-18>$D17,1,0) -> 0 | Q16: =IF($D17>0,FLOOR($D17/18,1),0)+IF(AND(MOD($D17,18)>=Q$2,$D17>0),1,0)-IF(Q$2-18>$D17,1,0) -> 0 | R16: =IF($D17>0,FLOOR($D17/18,1),0)+IF(AND(MOD($D17,18)>=R$2,$D17>0),1,0)-IF(R$2-18>$D17,1,0) -> 0 | S16: =IF($D17>0,FLOOR($D17/18,1),0)+IF(AND(MOD($D17,18)>=S$2,$D17>0),1,0)-IF(S$2-18>$D17,1,0) -> 0 | T16: =IF($D17>0,FLOOR($D17/18,1),0)+IF(AND(MOD($D17,18)>=T$2,$D17>0),1,0)-IF(T$2-18>$D17,1,0) -> 0 | U16: =IF($D17>0,FLOOR($D17/18,1),0)+IF(AND(MOD($D17,18)>=U$2,$D17>0),1,0)-IF(U$2-18>$D17,1,0) -> 0 | V16: =IF($D17>0,FLOOR($D17/18,1),0)+IF(AND(MOD($D17,18)>=V$2,$D17>0),1,0)-IF(V$2-18>$D17,1,0) -> 0 | W16: =IF($D17>0,FLOOR($D17/18,1),0)+IF(AND(MOD($D17,18)>=W$2,$D17>0),1,0)-IF(W$2-18>$D17,1,0) -> 0 | X16: =IF($D17>0,FLOOR($D17/18,1),0)+IF(AND(MOD($D17,18)>=X$2,$D17>0),1,0)-IF(X$2-18>$D17,1,0) -> 0 | Y16: =IF($D17>0,FLOOR($D17/18,1),0)+IF(AND(MOD($D17,18)>=Y$2,$D17>0),1,0)-IF(Y$2-18>$D17,1,0) -> 1
A17: ='Match Selection'!M5 -> Pace | B17: =vlookup(A17, 'Master Input'!$A$11:$B$27, 2, false) -> Irons | C17: =vlookup(A17,'Master Input'!$A$11:$L$27,'Master Input'!$F$28, false) -> 11 | D17: =C17-SMALL($C$8:$C$17,1) -> 2 | E17: 4 | F17: 5 | G17: 3 | H17: 6 | I17: 8 | J17: 4 | K17: 3 | L17: 6 | M17: 4 | N17: =if(M17="","", sum(E17:M17)) -> 43 | P17: =A17 -> Pace | Q17: 4 | R17: 4 | S17: 5 | T17: 4 | U17: 5 | V17: 4 | W17: 6 | X17: 4 | Y17: 5 | Z17: =if(Y17="","", sum(Q17:Y17)) -> 41 | AA17: =if(Z17="", "", sum(N17,Z17)) -> 84 | AB17: =if(Y17="", "", AA17-C17) -> 73
N18: Front | AB18: Cup Pts
A19: =B8&" Status" -> Drivers Status | B19: Match - Front | E19: =if(E23="","",E23) -> -1 | F19: =if(F23="","",F23+E19) -> -1 | G19: =if(G23="","",G23+F19) -> -2 | H19: =if(H23="","",H23+G19) -> -3 | I19: =if(I23="","",I23+H19) -> -3 | J19: =if(J23="","",J23+I19) -> -3 | K19: =if(K23="","",K23+J19) -> -3 | L19: =if(L23="","",L23+K19) -> -2 | M19: =if(M23="","",M23+L19) -> -3 | N19: =if(M19="", "", if(M19<0, 0, if(M19>0, vlookup($B$2,'Master Input'!$O$12:$R$23,'Master Input'!P$11,false), vlookup($B$2,'Master Input'!$O$12:$R$23,'Master Input'!P$11,false)*0.5))) -> 0 | P19: Match - Overall | Q19: =if(Q23="","",Q23+M19) -> -4 | R19: =if(R23="","",R23+Q19) -> -4 | S19: =if(S23="","",S23+R19) -> -3 | T19: =if(T23="","",T23+S19) -> -3 | U19: =if(U23="","",U23+T19) -> -4 | V19: =if(V23="","",V23+U19) -> -5 | W19: =if(W23="","",W23+V19) -> -4 | X19: =if(X23="","",X23+W19) -> -4 | Y19: =if(Y23="","",Y23+X19) -> -5 | Z19: =if(Y19="", "", if(Y19<0, 0, if(Y19>0, vlookup($B$2,'Master Input'!$O$12:$R$23,'Master Input'!R$11,false), vlookup($B$2,'Master Input'!$O$12:$R$23,'Master Input'!R$11,false)*0.5))) -> 0 | AA19: Overall | AB19: =if(Z19="","", sum(N19,Z19,Z20)) -> 0
P20: Match - Back | Q20: =if(Q23="","",Q23) -> -1 | R20: =if(R23="","",R23+Q20) -> -1 | S20: =if(S23="","",S23+R20) -> 0 | T20: =if(T23="","",T23+S20) -> 0 | U20: =if(U23="","",U23+T20) -> -1 | V20: =if(V23="","",V23+U20) -> -2 | W20: =if(W23="","",W23+V20) -> -1 | X20: =if(X23="","",X23+W20) -> -1 | Y20: =if(Y23="","",Y23+X20) -> -2 | Z20: =if(Y20="", "", if(Y20<0, 0, if(Y20>0, vlookup($B$2,'Master Input'!$O$12:$R$23,'Master Input'!Q$11,false), vlookup($B$2,'Master Input'!$O$12:$R$23,'Master Input'!Q$11,false)*0.5))) -> 0 | AA20: Back | AB20: =if(AB19="","",vlookup($B$2,'Master Input'!$O$12:$R$23,2,false)+vlookup($B$2,'Master Input'!$O$12:$R$23,3,false)+vlookup($B$2,'Master Input'!$O$12:$R$23,4,false)-AB19) -> 4
B22: 1 | C22: 2 | D22: 3 | E22: 4 | F22: 5 | G22: 6 | H22: 7 | I22: 8 | J22: 9 | K22: 10 | L22: 11 | M22: 12 | N22: 13 | O22: 14 | P22: 15 | Q22: 16 | R22: 17 | S22: 18 | T22: 19 | U22: 20 | V22: 21 | W22: 22 | X22: 23 | Y22: 24 | Z22: Hole | AA22: Holes | AB22: Point
B23: Match | E23: =if(OR(E8="", E11="", E14="", E17=""), "", if(small({E8-E7,E11-E10},1)<small({E14-E13,E17-E16},1),1, if(small({E8-E7,E11-E10},1)>small({E14-E13,E17-E16},1),-1, 0))) -> -1 | F23: =if(OR(F8="", F11="", F14="", F17=""), "", if(small({F8-F7,F11-F10},1)<small({F14-F13,F17-F16},1),1, if(small({F8-F7,F11-F10},1)>small({F14-F13,F17-F16},1),-1, 0))) -> 0 | G23: =if(OR(G8="", G11="", G14="", G17=""), "", if(small({G8-G7,G11-G10},1)<small({G14-G13,G17-G16},1),1, if(small({G8-G7,G11-G10},1)>small({G14-G13,G17-G16},1),-1, 0))) -> -1 | H23: =if(OR(H8="", H11="", H14="", H17=""), "", if(small({H8-H7,H11-H10},1)<small({H14-H13,H17-H16},1),1, if(small({H8-H7,H11-H10},1)>small({H14-H13,H17-H16},1),-1, 0))) -> -1 | I23: =if(OR(I8="", I11="", I14="", I17=""), "", if(small({I8-I7,I11-I10},1)<small({I14-I13,I17-I16},1),1, if(small({I8-I7,I11-I10},1)>small({I14-I13,I17-I16},1),-1, 0))) -> 0 | J23: =if(OR(J8="", J11="", J14="", J17=""), "", if(small({J8-J7,J11-J10},1)<small({J14-J13,J17-J16},1),1, if(small({J8-J7,J11-J10},1)>small({J14-J13,J17-J16},1),-1, 0))) -> 0 | K23: =if(OR(K8="", K11="", K14="", K17=""), "", if(small({K8-K7,K11-K10},1)<small({K14-K13,K17-K16},1),1, if(small({K8-K7,K11-K10},1)>small({K14-K13,K17-K16},1),-1, 0))) -> 0 | L23: =if(OR(L8="", L11="", L14="", L17=""), "", if(small({L8-L7,L11-L10},1)<small({L14-L13,L17-L16},1),1, if(small({L8-L7,L11-L10},1)>small({L14-L13,L17-L16},1),-1, 0))) -> 1 | M23: =if(OR(M8="", M11="", M14="", M17=""), "", if(small({M8-M7,M11-M10},1)<small({M14-M13,M17-M16},1),1, if(small({M8-M7,M11-M10},1)>small({M14-M13,M17-M16},1),-1, 0))) -> -1 | Q23: =if(OR(Q8="", Q11="", Q14="", Q17=""), "", if(small({Q8-Q7,Q11-Q10},1)<small({Q14-Q13,Q17-Q16},1),1, if(small({Q8-Q7,Q11-Q10},1)>small({Q14-Q13,Q17-Q16},1),-1, 0))) -> -1 | R23: =if(OR(R8="", R11="", R14="", R17=""), "", if(small({R8-R7,R11-R10},1)<small({R14-R13,R17-R16},1),1, if(small({R8-R7,R11-R10},1)>small({R14-R13,R17-R16},1),-1, 0))) -> 0 | S23: =if(OR(S8="", S11="", S14="", S17=""), "", if(small({S8-S7,S11-S10},1)<small({S14-S13,S17-S16},1),1, if(small({S8-S7,S11-S10},1)>small({S14-S13,S17-S16},1),-1, 0))) -> 1 | T23: =if(OR(T8="", T11="", T14="", T17=""), "", if(small({T8-T7,T11-T10},1)<small({T14-T13,T17-T16},1),1, if(small({T8-T7,T11-T10},1)>small({T14-T13,T17-T16},1),-1, 0))) -> 0 | U23: =if(OR(U8="", U11="", U14="", U17=""), "", if(small({U8-U7,U11-U10},1)<small({U14-U13,U17-U16},1),1, if(small({U8-U7,U11-U10},1)>small({U14-U13,U17-U16},1),-1, 0))) -> -1 | V23: =if(OR(V8="", V11="", V14="", V17=""), "", if(small({V8-V7,V11-V10},1)<small({V14-V13,V17-V16},1),1, if(small({V8-V7,V11-V10},1)>small({V14-V13,V17-V16},1),-1, 0))) -> -1 | W23: =if(OR(W8="", W11="", W14="", W17=""), "", if(small({W8-W7,W11-W10},1)<small({W14-W13,W17-W16},1),1, if(small({W8-W7,W11-W10},1)>small({W14-W13,W17-W16},1),-1, 0))) -> 1 | X23: =if(OR(X8="", X11="", X14="", X17=""), "", if(small({X8-X7,X11-X10},1)<small({X14-X13,X17-X16},1),1, if(small({X8-X7,X11-X10},1)>small({X14-X13,X17-X16},1),-1, 0))) -> 0 | Y23: =if(OR(Y8="", Y11="", Y14="", Y17=""), "", if(small({Y8-Y7,Y11-Y10},1)<small({Y14-Y13,Y17-Y16},1),1, if(small({Y8-Y7,Y11-Y10},1)>small({Y14-Y13,Y17-Y16},1),-1, 0))) -> -1 | Z23: Contr | AA23: Won | AB23: Share
B24: =B8 -> Drivers | E24: =if(E23="","",(E23+1)/2) -> 0 | F24: =if(F23="","",(F23+1)/2) -> 0.5 | G24: =if(G23="","",(G23+1)/2) -> 0 | H24: =if(H23="","",(H23+1)/2) -> 0 | I24: =if(I23="","",(I23+1)/2) -> 0.5 | J24: =if(J23="","",(J23+1)/2) -> 0.5 | K24: =if(K23="","",(K23+1)/2) -> 0.5 | L24: =if(L23="","",(L23+1)/2) -> 1 | M24: =if(M23="","",(M23+1)/2) -> 0 | N24: =if(M23="","",sum(E24:M24)) -> 3 | Q24: =if(Q23="","",(Q23+1)/2) -> 0 | R24: =if(R23="","",(R23+1)/2) -> 0.5 | S24: =if(S23="","",(S23+1)/2) -> 1 | T24: =if(T23="","",(T23+1)/2) -> 0.5 | U24: =if(U23="","",(U23+1)/2) -> 0 | V24: =if(V23="","",(V23+1)/2) -> 0 | W24: =if(W23="","",(W23+1)/2) -> 1 | X24: =if(X23="","",(X23+1)/2) -> 0.5 | Y24: =if(Y23="","",(Y23+1)/2) -> 0 | Z24: =if(Y23="","",sum(Q24:Y24)) -> 3.5 | AA24: =if(Y23="","",sum(Z24,N24)) -> 6.5
A25: =A8 -> R-Mac | E25: =if(E23="","",if(E8-E7<E11-E10,1,if(E8-E7=E11-E10,0.5,0))) -> 1 | F25: =if(F23="","",if(F8-F7<F11-F10,1,if(F8-F7=F11-F10,0.5,0))) -> 1 | G25: =if(G23="","",if(G8-G7<G11-G10,1,if(G8-G7=G11-G10,0.5,0))) -> 1 | H25: =if(H23="","",if(H8-H7<H11-H10,1,if(H8-H7=H11-H10,0.5,0))) -> 0.5 | I25: =if(I23="","",if(I8-I7<I11-I10,1,if(I8-I7=I11-I10,0.5,0))) -> 0.5 | J25: =if(J23="","",if(J8-J7<J11-J10,1,if(J8-J7=J11-J10,0.5,0))) -> 0.5 | K25: =if(K23="","",if(K8-K7<K11-K10,1,if(K8-K7=K11-K10,0.5,0))) -> 0 | L25: =if(L23="","",if(L8-L7<L11-L10,1,if(L8-L7=L11-L10,0.5,0))) -> 0 | M25: =if(M23="","",if(M8-M7<M11-M10,1,if(M8-M7=M11-M10,0.5,0))) -> 0 | Q25: =if(Q23="","",if(Q8-Q7<Q11-Q10,1,if(Q8-Q7=Q11-Q10,0.5,0))) -> 0.5 | R25: =if(R23="","",if(R8-R7<R11-R10,1,if(R8-R7=R11-R10,0.5,0))) -> 1 | S25: =if(S23="","",if(S8-S7<S11-S10,1,if(S8-S7=S11-S10,0.5,0))) -> 1 | T25: =if(T23="","",if(T8-T7<T11-T10,1,if(T8-T7=T11-T10,0.5,0))) -> 0 | U25: =if(U23="","",if(U8-U7<U11-U10,1,if(U8-U7=U11-U10,0.5,0))) -> 0 | V25: =if(V23="","",if(V8-V7<V11-V10,1,if(V8-V7=V11-V10,0.5,0))) -> 0.5 | W25: =if(W23="","",if(W8-W7<W11-W10,1,if(W8-W7=W11-W10,0.5,0))) -> 1 | X25: =if(X23="","",if(X8-X7<X11-X10,1,if(X8-X7=X11-X10,0.5,0))) -> 0 | Y25: =if(Y23="","",if(Y8-Y7<Y11-Y10,1,if(Y8-Y7=Y11-Y10,0.5,0))) -> 0.5 | Z25: =if(Y25="","",sum(E25:M25,Q25:Y25)) -> 9 | AA25: =if(Y25="","",sumproduct({E25:M25,Q25:Y25},{$E$24:$M$24,$Q$24:$Y$24})) -> 3.5 | AB25: =if(Y25="","",if($N$24=0,0,((sumproduct(E25:M25,$E$24:$M$24)/$N$24)*$N$19)) +if($Z$24=0,0,((sumproduct(Q25:Y25,$Q$24:$Y$24)/$Z$24)*$Z$20)) +if($AA$24=0,0,((AA25/$AA$24)*$Z$19))) -> 0
A26: =A11 -> T-Mo | E26: =if(E23="","",if(E8-E7>E11-E10,1,if(E8-E7=E11-E10,0.5,0))) -> 0 | F26: =if(F23="","",if(F8-F7>F11-F10,1,if(F8-F7=F11-F10,0.5,0))) -> 0 | G26: =if(G23="","",if(G8-G7>G11-G10,1,if(G8-G7=G11-G10,0.5,0))) -> 0 | H26: =if(H23="","",if(H8-H7>H11-H10,1,if(H8-H7=H11-H10,0.5,0))) -> 0.5 | I26: =if(I23="","",if(I8-I7>I11-I10,1,if(I8-I7=I11-I10,0.5,0))) -> 0.5 | J26: =if(J23="","",if(J8-J7>J11-J10,1,if(J8-J7=J11-J10,0.5,0))) -> 0.5 | K26: =if(K23="","",if(K8-K7>K11-K10,1,if(K8-K7=K11-K10,0.5,0))) -> 1 | L26: =if(L23="","",if(L8-L7>L11-L10,1,if(L8-L7=L11-L10,0.5,0))) -> 1 | M26: =if(M23="","",if(M8-M7>M11-M10,1,if(M8-M7=M11-M10,0.5,0))) -> 1 | Q26: =if(Q23="","",if(Q8-Q7>Q11-Q10,1,if(Q8-Q7=Q11-Q10,0.5,0))) -> 0.5 | R26: =if(R23="","",if(R8-R7>R11-R10,1,if(R8-R7=R11-R10,0.5,0))) -> 0 | S26: =if(S23="","",if(S8-S7>S11-S10,1,if(S8-S7=S11-S10,0.5,0))) -> 0 | T26: =if(T23="","",if(T8-T7>T11-T10,1,if(T8-T7=T11-T10,0.5,0))) -> 1 | U26: =if(U23="","",if(U8-U7>U11-U10,1,if(U8-U7=U11-U10,0.5,0))) -> 1 | V26: =if(V23="","",if(V8-V7>V11-V10,1,if(V8-V7=V11-V10,0.5,0))) -> 0.5 | W26: =if(W23="","",if(W8-W7>W11-W10,1,if(W8-W7=W11-W10,0.5,0))) -> 0 | X26: =if(X23="","",if(X8-X7>X11-X10,1,if(X8-X7=X11-X10,0.5,0))) -> 1 | Y26: =if(Y23="","",if(Y8-Y7>Y11-Y10,1,if(Y8-Y7=Y11-Y10,0.5,0))) -> 0.5 | Z26: =if(Y26="","",sum(E26:M26,Q26:Y26)) -> 9 | AA26: =if(Y26="","",sumproduct({E26:M26,Q26:Y26},{$E$24:$M$24,$Q$24:$Y$24})) -> 3 | AB26: =if(Y26="","",if($N$24=0,0,((sumproduct(E26:M26,$E$24:$M$24)/$N$24)*$N$19)) +if($Z$24=0,0,((sumproduct(Q26:Y26,$Q$24:$Y$24)/$Z$24)*$Z$20)) +if($AA$24=0,0,((AA26/$AA$24)*$Z$19))) -> 0
B27: =B14 -> Irons | E27: =if(E23="","",(1-E23)/2) -> 1 | F27: =if(F23="","",(1-F23)/2) -> 0.5 | G27: =if(G23="","",(1-G23)/2) -> 1 | H27: =if(H23="","",(1-H23)/2) -> 1 | I27: =if(I23="","",(1-I23)/2) -> 0.5 | J27: =if(J23="","",(1-J23)/2) -> 0.5 | K27: =if(K23="","",(1-K23)/2) -> 0.5 | L27: =if(L23="","",(1-L23)/2) -> 0 | M27: =if(M23="","",(1-M23)/2) -> 1 | N27: =if(M26="","",sum(E27:M27)) -> 6 | Q27: =if(Q23="","",(1-Q23)/2) -> 1 | R27: =if(R23="","",(1-R23)/2) -> 0.5 | S27: =if(S23="","",(1-S23)/2) -> 0 | T27: =if(T23="","",(1-T23)/2) -> 0.5 | U27: =if(U23="","",(1-U23)/2) -> 1 | V27: =if(V23="","",(1-V23)/2) -> 1 | W27: =if(W23="","",(1-W23)/2) -> 0 | X27: =if(X23="","",(1-X23)/2) -> 0.5 | Y27: =if(Y23="","",(1-Y23)/2) -> 1 | Z27: =if(Y26="","",sum(Q27:Y27)) -> 5.5 | AA27: =if(Y26="","",sum(Z27,N27)) -> 11.5
A28: =A14 -> Andy | E28: =if(E23="","",if(E17-E16>E14-E13,1,if(E17-E16=E14-E13,0.5,0))) -> 0 | F28: =if(F23="","",if(F17-F16>F14-F13,1,if(F17-F16=F14-F13,0.5,0))) -> 0.5 | G28: =if(G23="","",if(G17-G16>G14-G13,1,if(G17-G16=G14-G13,0.5,0))) -> 0 | H28: =if(H23="","",if(H17-H16>H14-H13,1,if(H17-H16=H14-H13,0.5,0))) -> 0.5 | I28: =if(I23="","",if(I17-I16>I14-I13,1,if(I17-I16=I14-I13,0.5,0))) -> 1 | J28: =if(J23="","",if(J17-J16>J14-J13,1,if(J17-J16=J14-J13,0.5,0))) -> 0.5 | K28: =if(K23="","",if(K17-K16>K14-K13,1,if(K17-K16=K14-K13,0.5,0))) -> 0 | L28: =if(L23="","",if(L17-L16>L14-L13,1,if(L17-L16=L14-L13,0.5,0))) -> 0.5 | M28: =if(M23="","",if(M17-M16>M14-M13,1,if(M17-M16=M14-M13,0.5,0))) -> 0 | Q28: =if(Q23="","",if(Q17-Q16>Q14-Q13,1,if(Q17-Q16=Q14-Q13,0.5,0))) -> 0.5 | R28: =if(R23="","",if(R17-R16>R14-R13,1,if(R17-R16=R14-R13,0.5,0))) -> 0 | S28: =if(S23="","",if(S17-S16>S14-S13,1,if(S17-S16=S14-S13,0.5,0))) -> 0.5 | T28: =if(T23="","",if(T17-T16>T14-T13,1,if(T17-T16=T14-T13,0.5,0))) -> 1 | U28: =if(U23="","",if(U17-U16>U14-U13,1,if(U17-U16=U14-U13,0.5,0))) -> 0.5 | V28: =if(V23="","",if(V17-V16>V14-V13,1,if(V17-V16=V14-V13,0.5,0))) -> 0.5 | W28: =if(W23="","",if(W17-W16>W14-W13,1,if(W17-W16=W14-W13,0.5,0))) -> 0.5 | X28: =if(X23="","",if(X17-X16>X14-X13,1,if(X17-X16=X14-X13,0.5,0))) -> 1 | Y28: =if(Y23="","",if(Y17-Y16>Y14-Y13,1,if(Y17-Y16=Y14-Y13,0.5,0))) -> 0.5 | Z28: =if(Y28="","",sum(E28:M28,Q28:Y28)) -> 8 | AA28: =if(Y28="","",sumproduct({E28:M28,Q28:Y28},{$E$27:$M$27,$Q$27:$Y$27})) -> 4.5 | AB28: =if(Y28="","",if($N$27=0,0,((sumproduct(E28:M28,$E$27:$M$27)/$N$27)*(vlookup($B$2,'Master Input'!$O$12:$R$23,'Master Input'!P$11,false)-$N$19))) +if($Z$27=0,0,((sumproduct(Q28:Y28,$Q$27:$Y$27)/$Z$27)*(vlookup($B$2,'Master Input'!$O$12:$R$23,'Master Input'!Q$11,false)-$Z$20))) +if($AA$27=0,0,((AA28/$AA$27)*(vlookup($B$2,'Master Input'!$O$12:$R$23,'Master Input'!R$11,false)-$Z$19)))) -> 1.5780632
A29: =A17 -> Pace | E29: =if(E23="","",if(E17-E16<E14-E13,1,if(E17-E16=E14-E13,0.5,0))) -> 1 | F29: =if(F23="","",if(F17-F16<F14-F13,1,if(F17-F16=F14-F13,0.5,0))) -> 0.5 | G29: =if(G23="","",if(G17-G16<G14-G13,1,if(G17-G16=G14-G13,0.5,0))) -> 1 | H29: =if(H23="","",if(H17-H16<H14-H13,1,if(H17-H16=H14-H13,0.5,0))) -> 0.5 | I29: =if(I23="","",if(I17-I16<I14-I13,1,if(I17-I16=I14-I13,0.5,0))) -> 0 | J29: =if(J23="","",if(J17-J16<J14-J13,1,if(J17-J16=J14-J13,0.5,0))) -> 0.5 | K29: =if(K23="","",if(K17-K16<K14-K13,1,if(K17-K16=K14-K13,0.5,0))) -> 1 | L29: =if(L23="","",if(L17-L16<L14-L13,1,if(L17-L16=L14-L13,0.5,0))) -> 0.5 | M29: =if(M23="","",if(M17-M16<M14-M13,1,if(M17-M16=M14-M13,0.5,0))) -> 1 | Q29: =if(Q23="","",if(Q17-Q16<Q14-Q13,1,if(Q17-Q16=Q14-Q13,0.5,0))) -> 0.5 | R29: =if(R23="","",if(R17-R16<R14-R13,1,if(R17-R16=R14-R13,0.5,0))) -> 1 | S29: =if(S23="","",if(S17-S16<S14-S13,1,if(S17-S16=S14-S13,0.5,0))) -> 0.5 | T29: =if(T23="","",if(T17-T16<T14-T13,1,if(T17-T16=T14-T13,0.5,0))) -> 0 | U29: =if(U23="","",if(U17-U16<U14-U13,1,if(U17-U16=U14-U13,0.5,0))) -> 0.5 | V29: =if(V23="","",if(V17-V16<V14-V13,1,if(V17-V16=V14-V13,0.5,0))) -> 0.5 | W29: =if(W23="","",if(W17-W16<W14-W13,1,if(W17-W16=W14-W13,0.5,0))) -> 0.5 | X29: =if(X23="","",if(X17-X16<X14-X13,1,if(X17-X16=X14-X13,0.5,0))) -> 0 | Y29: =if(Y23="","",if(Y17-Y16<Y14-Y13,1,if(Y17-Y16=Y14-Y13,0.5,0))) -> 0.5 | Z29: =if(Y29="","",sum(E29:M29,Q29:Y29)) -> 10 | AA29: =if(Y29="","",sumproduct({E29:M29,Q29:Y29},{$E$27:$M$27,$Q$27:$Y$27})) -> 7 | AB29: =if(Y29="","",((sumproduct(E29:M29,$E$27:$M$27)/$N$27)*(vlookup($B$2,'Master Input'!$O$12:$R$23,'Master Input'!P$11,false)-$N$19)) +((sumproduct(Q29:Y29,$Q$27:$Y$27)/$Z$27)*(vlookup($B$2,'Master Input'!$O$12:$R$23,'Master Input'!Q$11,false)-$Z$20)) +((AA29/$AA$27)*(vlookup($B$2,'Master Input'!$O$12:$R$23,'Master Input'!R$11,false)-$Z$19))) -> 2.4219368
E30: =sum(E25:E26,E28:E29) -> 2 | F30: =sum(F25:F26,F28:F29) -> 2 | G30: =sum(G25:G26,G28:G29) -> 2 | H30: =sum(H25:H26,H28:H29) -> 2 | I30: =sum(I25:I26,I28:I29) -> 2 | J30: =sum(J25:J26,J28:J29) -> 2 | K30: =sum(K25:K26,K28:K29) -> 2 | L30: =sum(L25:L26,L28:L29) -> 2 | M30: =sum(M25:M26,M28:M29) -> 2 | Q30: =sum(Q25:Q26,Q28:Q29) -> 2 | R30: =sum(R25:R26,R28:R29) -> 2 | S30: =sum(S25:S26,S28:S29) -> 2 | T30: =sum(T25:T26,T28:T29) -> 2 | U30: =sum(U25:U26,U28:U29) -> 2 | V30: =sum(V25:V26,V28:V29) -> 2 | W30: =sum(W25:W26,W28:W29) -> 2 | X30: =sum(X25:X26,X28:X29) -> 2 | ... Z30: =sum(Z25:Z26,Z28:Z29) -> 36

Sheet R1_G3
A1: Group 3 | B1: ='Master Input'!E4 -> 0.53472222 | C1: ='Master Input'!$E$2 -> Round 1 | E1: ='Master Input'!$E$6 -> GVSU Meadows - Blue | P1: ='Master Input'!$E$2 -> Round 1 | R1: ='Master Input'!$E$6 -> GVSU Meadows - Blue
A2: Handi: | B2: ='Match Selection'!B4 -> 2-Man Best Ball | D2: Handi: | E2: =vlookup($E1, 'Course List'!$A$3:$AS$14,5+E4, false) -> 2 | F2: =vlookup($E1, 'Course List'!$A$3:$AS$14,5+F4, false) -> 8 | G2: =vlookup($E1, 'Course List'!$A$3:$AS$14,5+G4, false) -> 14 | H2: =vlookup($E1, 'Course List'!$A$3:$AS$14,5+H4, false) -> 12 | I2: =vlookup($E1, 'Course List'!$A$3:$AS$14,5+I4, false) -> 6 | J2: =vlookup($E1, 'Course List'!$A$3:$AS$14,5+J4, false) -> 18 | K2: =vlookup($E1, 'Course List'!$A$3:$AS$14,5+K4, false) -> 10 | L2: =vlookup($E1, 'Course List'!$A$3:$AS$14,5+L4, false) -> 4 | M2: =vlookup($E1, 'Course List'!$A$3:$AS$14,5+M4, false) -> 16 | P2: Handi: | Q2: =vlookup($E1, 'Course List'!$A$3:$AS$14,5+Q4, false) -> 13 | R2: =vlookup($E1, 'Course List'!$A$3:$AS$14,5+R4, false) -> 3 | S2: =vlookup($E1, 'Course List'!$A$3:$AS$14,5+S4, false) -> 9 | T2: =vlookup($E1, 'Course List'!$A$3:$AS$14,5+T4, false) -> 15 | U2: =vlookup($E1, 'Course List'!$A$3:$AS$14,5+U4, false) -> 11 | V2: =vlookup($E1, 'Course List'!$A$3:$AS$14,5+V4, false) -> 5 | W2: =vlookup($E1, 'Course List'!$A$3:$AS$14,5+W4, false) -> 7 | X2: =vlookup($E1, 'Course List'!$A$3:$AS$14,5+X4, false) -> 17 | Y2: =vlookup($E1, 'Course List'!$A$3:$AS$14,5+Y4, false) -> 1
A3: Par: | D3: Par: | E3: =vlookup($E1, 'Course List'!$A$3:$AS$14,27+E4, false) -> 4 | F3: =vlookup($E1, 'Course List'!$A$3:$AS$14,27+F4, false) -> 4 | G3: =vlookup($E1, 'Course List'!$A$3:$AS$14,27+G4, false) -> 3 | H3: =vlookup($E1, 'Course List'!$A$3:$AS$14,27+H4, false) -> 5 | I3: =vlookup($E1, 'Course List'!$A$3:$AS$14,27+I4, false) -> 4 | J3: =vlookup($E1, 'Course List'!$A$3:$AS$14,27+J4, false) -> 4 | K3: =vlookup($E1, 'Course List'!$A$3:$AS$14,27+K4, false) -> 3 | L3: =vlookup($E1, 'Course List'!$A$3:$AS$14,27+L4, false) -> 4 | M3: =vlookup($E1, 'Course List'!$A$3:$AS$14,27+M4, false) -> 5 | N3: =SUM(E3:M3) -> 36 | P3: Par: | Q3: =vlookup($E1, 'Course List'!$A$3:$AS$14,27+Q4, false) -> 4 | R3: =vlookup($E1, 'Course List'!$A$3:$AS$14,27+R4, false) -> 4 | S3: =vlookup($E1, 'Course List'!$A$3:$AS$14,27+S4, false) -> 4 | T3: =vlookup($E1, 'Course List'!$A$3:$AS$14,27+T4, false) -> 3 | U3: =vlookup($E1, 'Course List'!$A$3:$AS$14,27+U4, false) -> 5 | V3: =vlookup($E1, 'Course List'!$A$3:$AS$14,27+V4, false) -> 4 | W3: =vlookup($E1, 'Course List'!$A$3:$AS$14,27+W4, false) -> 4 | X3: =vlookup($E1, 'Course List'!$A$3:$AS$14,27+X4, false) -> 3 | Y3: =vlookup($E1, 'Course List'!$A$3:$AS$14,27+Y4, false) -> 4 | Z3: =SUM(Q3:Y3) -> 35 | AA3: =N3+Z3 -> 71
A4: Hole: | B4: Team | C4: Tee HCP | D4: Net HCP | E4: 1 | F4: 2 | G4: 3 | H4: 4 | I4: 5 | J4: 6 | K4: 7 | L4: 8 | M4: 9 | N4: OUT | P4: Hole: | Q4: 10 | R4: 11 | S4: 12 | T4: 13 | U4: 14 | V4: 15 | W4: 16 | X4: 17 | Y4: 18 | Z4: IN | AA4: Total Gross | AB4: Total Net
E6: =if(E7=1,"O", if(E7=2,"O O","")) | F6: =if(F7=1,"O", if(F7=2,"O O","")) | G6: =if(G7=1,"O", if(G7=2,"O O","")) | H6: =if(H7=1,"O", if(H7=2,"O O","")) | I6: =if(I7=1,"O", if(I7=2,"O O","")) | J6: =if(J7=1,"O", if(J7=2,"O O","")) | K6: =if(K7=1,"O", if(K7=2,"O O","")) | L6: =if(L7=1,"O", if(L7=2,"O O","")) | M6: =if(M7=1,"O", if(M7=2,"O O","")) | Q6: =if(Q7=1,"O", if(Q7=2,"O O","")) | R6: =if(R7=1,"O", if(R7=2,"O O","")) | S6: =if(S7=1,"O", if(S7=2,"O O","")) | T6: =if(T7=1,"O", if(T7=2,"O O","")) | U6: =if(U7=1,"O", if(U7=2,"O O","")) | V6: =if(V7=1,"O", if(V7=2,"O O","")) | W6: =if(W7=1,"O", if(W7=2,"O O","")) | X6: =if(X7=1,"O", if(X7=2,"O O","")) | Y6: =if(Y7=1,"O", if(Y7=2,"O O",""))
E7: =IF($D8>0,FLOOR($D8/18,1),0)+IF(AND(MOD($D8,18)>=E$2,$D8>0),1,0)-IF(E$2-18>$D8,1,0) -> 0 | F7: =IF($D8>0,FLOOR($D8/18,1),0)+IF(AND(MOD($D8,18)>=F$2,$D8>0),1,0)-IF(F$2-18>$D8,1,0) -> 0 | G7: =IF($D8>0,FLOOR($D8/18,1),0)+IF(AND(MOD($D8,18)>=G$2,$D8>0),1,0)-IF(G$2-18>$D8,1,0) -> 0 | H7: =IF($D8>0,FLOOR($D8/18,1),0)+IF(AND(MOD($D8,18)>=H$2,$D8>0),1,0)-IF(H$2-18>$D8,1,0) -> 0 | I7: =IF($D8>0,FLOOR($D8/18,1),0)+IF(AND(MOD($D8,18)>=I$2,$D8>0),1,0)-IF(I$2-18>$D8,1,0) -> 0 | J7: =IF($D8>0,FLOOR($D8/18,1),0)+IF(AND(MOD($D8,18)>=J$2,$D8>0),1,0)-IF(J$2-18>$D8,1,0) -> 0 | K7: =IF($D8>0,FLOOR($D8/18,1),0)+IF(AND(MOD($D8,18)>=K$2,$D8>0),1,0)-IF(K$2-18>$D8,1,0) -> 0 | L7: =IF($D8>0,FLOOR($D8/18,1),0)+IF(AND(MOD($D8,18)>=L$2,$D8>0),1,0)-IF(L$2-18>$D8,1,0) -> 0 | M7: =IF($D8>0,FLOOR($D8/18,1),0)+IF(AND(MOD($D8,18)>=M$2,$D8>0),1,0)-IF(M$2-18>$D8,1,0) -> 0 | Q7: =IF($D8>0,FLOOR($D8/18,1),0)+IF(AND(MOD($D8,18)>=Q$2,$D8>0),1,0)-IF(Q$2-18>$D8,1,0) -> 0 | R7: =IF($D8>0,FLOOR($D8/18,1),0)+IF(AND(MOD($D8,18)>=R$2,$D8>0),1,0)-IF(R$2-18>$D8,1,0) -> 0 | S7: =IF($D8>0,FLOOR($D8/18,1),0)+IF(AND(MOD($D8,18)>=S$2,$D8>0),1,0)-IF(S$2-18>$D8,1,0) -> 0 | T7: =IF($D8>0,FLOOR($D8/18,1),0)+IF(AND(MOD($D8,18)>=T$2,$D8>0),1,0)-IF(T$2-18>$D8,1,0) -> 0 | U7: =IF($D8>0,FLOOR($D8/18,1),0)+IF(AND(MOD($D8,18)>=U$2,$D8>0),1,0)-IF(U$2-18>$D8,1,0) -> 0 | V7: =IF($D8>0,FLOOR($D8/18,1),0)+IF(AND(MOD($D8,18)>=V$2,$D8>0),1,0)-IF(V$2-18>$D8,1,0) -> 0 | W7: =IF($D8>0,FLOOR($D8/18,1),0)+IF(AND(MOD($D8,18)>=W$2,$D8>0),1,0)-IF(W$2-18>$D8,1,0) -> 0 | X7: =IF($D8>0,FLOOR($D8/18,1),0)+IF(AND(MOD($D8,18)>=X$2,$D8>0),1,0)-IF(X$2-18>$D8,1,0) -> 0 | Y7: =IF($D8>0,FLOOR($D8/18,1),0)+IF(AND(MOD($D8,18)>=Y$2,$D8>0),1,0)-IF(Y$2-18>$D8,1,0) -> 0
A8: ='Match Selection'!P4 -> KJ | B8: =vlookup(A8, 'Master Input'!$A$11:$B$27, 2, false) -> Drivers | C8: =vlookup(A8,'Master Input'!$A$11:$L$27,'Master Input'!$F$28, false) -> 10 | D8: =C8-SMALL($C$8:$C$17,1) -> 0 | E8: 4 | F8: 5 | G8: 3 | H8: 7 | I8: 5 | J8: 4 | K8: 4 | L8: 5 | M8: 8 | N8: =if(M8="","", sum(E8:M8)) -> 45 | P8: =A8 -> KJ | Q8: 4 | R8: 4 | S8: 5 | T8: 4 | U8: 6 | V8: 3 | W8: 5 | X8: 3 | Y8: 6 | Z8: =if(Y8="","", sum(Q8:Y8)) -> 40 | AA8: =if(Z8="", "", sum(N8,Z8)) -> 85 | AB8: =if(Y8="", "", AA8-C8) -> 75
E9: =if(E10=1,"O", if(E10=2,"O O","")) -> O | F9: =if(F10=1,"O", if(F10=2,"O O","")) | G9: =if(G10=1,"O", if(G10=2,"O O","")) | H9: =if(H10=1,"O", if(H10=2,"O O","")) | I9: =if(I10=1,"O", if(I10=2,"O O","")) | J9: =if(J10=1,"O", if(J10=2,"O O","")) | K9: =if(K10=1,"O", if(K10=2,"O O","")) | L9: =if(L10=1,"O", if(L10=2,"O O","")) -> O | M9: =if(M10=1,"O", if(M10=2,"O O","")) | Q9: =if(Q10=1,"O", if(Q10=2,"O O","")) | R9: =if(R10=1,"O", if(R10=2,"O O","")) -> O | S9: =if(S10=1,"O", if(S10=2,"O O","")) | T9: =if(T10=1,"O", if(T10=2,"O O","")) | U9: =if(U10=1,"O", if(U10=2,"O O","")) | V9: =if(V10=1,"O", if(V10=2,"O O","")) -> O | W9: =if(W10=1,"O", if(W10=2,"O O","")) | X9: =if(X10=1,"O", if(X10=2,"O O","")) | Y9: =if(Y10=1,"O", if(Y10=2,"O O","")) -> O
E10: =IF($D11>0,FLOOR($D11/18,1),0)+IF(AND(MOD($D11,18)>=E$2,$D11>0),1,0)-IF(E$2-18>$D11,1,0) -> 1 | F10: =IF($D11>0,FLOOR($D11/18,1),0)+IF(AND(MOD($D11,18)>=F$2,$D11>0),1,0)-IF(F$2-18>$D11,1,0) -> 0 | G10: =IF($D11>0,FLOOR($D11/18,1),0)+IF(AND(MOD($D11,18)>=G$2,$D11>0),1,0)-IF(G$2-18>$D11,1,0) -> 0 | H10: =IF($D11>0,FLOOR($D11/18,1),0)+IF(AND(MOD($D11,18)>=H$2,$D11>0),1,0)-IF(H$2-18>$D11,1,0) -> 0 | I10: =IF($D11>0,FLOOR($D11/18,1),0)+IF(AND(MOD($D11,18)>=I$2,$D11>0),1,0)-IF(I$2-18>$D11,1,0) -> 0 | J10: =IF($D11>0,FLOOR($D11/18,1),0)+IF(AND(MOD($D11,18)>=J$2,$D11>0),1,0)-IF(J$2-18>$D11,1,0) -> 0 | K10: =IF($D11>0,FLOOR($D11/18,1),0)+IF(AND(MOD($D11,18)>=K$2,$D11>0),1,0)-IF(K$2-18>$D11,1,0) -> 0 | L10: =IF($D11>0,FLOOR($D11/18,1),0)+IF(AND(MOD($D11,18)>=L$2,$D11>0),1,0)-IF(L$2-18>$D11,1,0) -> 1 | M10: =IF($D11>0,FLOOR($D11/18,1),0)+IF(AND(MOD($D11,18)>=M$2,$D11>0),1,0)-IF(M$2-18>$D11,1,0) -> 0 | Q10: =IF($D11>0,FLOOR($D11/18,1),0)+IF(AND(MOD($D11,18)>=Q$2,$D11>0),1,0)-IF(Q$2-18>$D11,1,0) -> 0 | R10: =IF($D11>0,FLOOR($D11/18,1),0)+IF(AND(MOD($D11,18)>=R$2,$D11>0),1,0)-IF(R$2-18>$D11,1,0) -> 1 | S10: =IF($D11>0,FLOOR($D11/18,1),0)+IF(AND(MOD($D11,18)>=S$2,$D11>0),1,0)-IF(S$2-18>$D11,1,0) -> 0 | T10: =IF($D11>0,FLOOR($D11/18,1),0)+IF(AND(MOD($D11,18)>=T$2,$D11>0),1,0)-IF(T$2-18>$D11,1,0) -> 0 | U10: =IF($D11>0,FLOOR($D11/18,1),0)+IF(AND(MOD($D11,18)>=U$2,$D11>0),1,0)-IF(U$2-18>$D11,1,0) -> 0 | V10: =IF($D11>0,FLOOR($D11/18,1),0)+IF(AND(MOD($D11,18)>=V$2,$D11>0),1,0)-IF(V$2-18>$D11,1,0) -> 1 | W10: =IF($D11>0,FLOOR($D11/18,1),0)+IF(AND(MOD($D11,18)>=W$2,$D11>0),1,0)-IF(W$2-18>$D11,1,0) -> 0 | X10: =IF($D11>0,FLOOR($D11/18,1),0)+IF(AND(MOD($D11,18)>=X$2,$D11>0),1,0)-IF(X$2-18>$D11,1,0) -> 0 | Y10: =IF($D11>0,FLOOR($D11/18,1),0)+IF(AND(MOD($D11,18)>=Y$2,$D11>0),1,0)-IF(Y$2-18>$D11,1,0) -> 1
A11: ='Match Selection'!P5 -> Weezy | B11: =vlookup(A11, 'Master Input'!$A$11:$B$27, 2, false) -> Drivers | C11: =vlookup(A11,'Master Input'!$A$11:$L$27,'Master Input'!$F$28, false) -> 15 | D11: =C11-SMALL($C$8:$C$17,1) -> 5 | E11: 6 | F11: 4 | G11: 4 | H11: 7 | I11: 4 | J11: 6 | K11: 3 | L11: 5 | M11: 5 | N11: =if(M11="","", sum(E11:M11)) -> 44 | P11: =A11 -> Weezy | Q11: 5 | R11: 4 | S11: 4 | T11: 6 | U11: 7 | V11: 4 | W11: 6 | X11: 5 | Y11: 5 | Z11: =if(Y11="","", sum(Q11:Y11)) -> 46 | AA11: =if(Z11="", "", sum(N11,Z11)) -> 90 | AB11: =if(Y11="", "", AA11-C11) -> 75
E12: =if(E13=1,"O", if(E13=2,"O O","")) -> O | F12: =if(F13=1,"O", if(F13=2,"O O","")) | G12: =if(G13=1,"O", if(G13=2,"O O","")) | H12: =if(H13=1,"O", if(H13=2,"O O","")) | I12: =if(I13=1,"O", if(I13=2,"O O","")) | J12: =if(J13=1,"O", if(J13=2,"O O","")) | K12: =if(K13=1,"O", if(K13=2,"O O","")) | L12: =if(L13=1,"O", if(L13=2,"O O","")) | M12: =if(M13=1,"O", if(M13=2,"O O","")) | Q12: =if(Q13=1,"O", if(Q13=2,"O O","")) | R12: =if(R13=1,"O", if(R13=2,"O O","")) | S12: =if(S13=1,"O", if(S13=2,"O O","")) | T12: =if(T13=1,"O", if(T13=2,"O O","")) | U12: =if(U13=1,"O", if(U13=2,"O O","")) | V12: =if(V13=1,"O", if(V13=2,"O O","")) | W12: =if(W13=1,"O", if(W13=2,"O O","")) | X12: =if(X13=1,"O", if(X13=2,"O O","")) | Y12: =if(Y13=1,"O", if(Y13=2,"O O","")) -> O
E13: =IF($D14>0,FLOOR($D14/18,1),0)+IF(AND(MOD($D14,18)>=E$2,$D14>0),1,0)-IF(E$2-18>$D14,1,0) -> 1 | F13: =IF($D14>0,FLOOR($D14/18,1),0)+IF(AND(MOD($D14,18)>=F$2,$D14>0),1,0)-IF(F$2-18>$D14,1,0) -> 0 | G13: =IF($D14>0,FLOOR($D14/18,1),0)+IF(AND(MOD($D14,18)>=G$2,$D14>0),1,0)-IF(G$2-18>$D14,1,0) -> 0 | H13: =IF($D14>0,FLOOR($D14/18,1),0)+IF(AND(MOD($D14,18)>=H$2,$D14>0),1,0)-IF(H$2-18>$D14,1,0) -> 0 | I13: =IF($D14>0,FLOOR($D14/18,1),0)+IF(AND(MOD($D14,18)>=I$2,$D14>0),1,0)-IF(I$2-18>$D14,1,0) -> 0 | J13: =IF($D14>0,FLOOR($D14/18,1),0)+IF(AND(MOD($D14,18)>=J$2,$D14>0),1,0)-IF(J$2-18>$D14,1,0) -> 0 | K13: =IF($D14>0,FLOOR($D14/18,1),0)+IF(AND(MOD($D14,18)>=K$2,$D14>0),1,0)-IF(K$2-18>$D14,1,0) -> 0 | L13: =IF($D14>0,FLOOR($D14/18,1),0)+IF(AND(MOD($D14,18)>=L$2,$D14>0),1,0)-IF(L$2-18>$D14,1,0) -> 0 | M13: =IF($D14>0,FLOOR($D14/18,1),0)+IF(AND(MOD($D14,18)>=M$2,$D14>0),1,0)-IF(M$2-18>$D14,1,0) -> 0 | Q13: =IF($D14>0,FLOOR($D14/18,1),0)+IF(AND(MOD($D14,18)>=Q$2,$D14>0),1,0)-IF(Q$2-18>$D14,1,0) -> 0 | R13: =IF($D14>0,FLOOR($D14/18,1),0)+IF(AND(MOD($D14,18)>=R$2,$D14>0),1,0)-IF(R$2-18>$D14,1,0) -> 0 | S13: =IF($D14>0,FLOOR($D14/18,1),0)+IF(AND(MOD($D14,18)>=S$2,$D14>0),1,0)-IF(S$2-18>$D14,1,0) -> 0 | T13: =IF($D14>0,FLOOR($D14/18,1),0)+IF(AND(MOD($D14,18)>=T$2,$D14>0),1,0)-IF(T$2-18>$D14,1,0) -> 0 | U13: =IF($D14>0,FLOOR($D14/18,1),0)+IF(AND(MOD($D14,18)>=U$2,$D14>0),1,0)-IF(U$2-18>$D14,1,0) -> 0 | V13: =IF($D14>0,FLOOR($D14/18,1),0)+IF(AND(MOD($D14,18)>=V$2,$D14>0),1,0)-IF(V$2-18>$D14,1,0) -> 0 | W13: =IF($D14>0,FLOOR($D14/18,1),0)+IF(AND(MOD($D14,18)>=W$2,$D14>0),1,0)-IF(W$2-18>$D14,1,0) -> 0 | X13: =IF($D14>0,FLOOR($D14/18,1),0)+IF(AND(MOD($D14,18)>=X$2,$D14>0),1,0)-IF(X$2-18>$D14,1,0) -> 0 | Y13: =IF($D14>0,FLOOR($D14/18,1),0)+IF(AND(MOD($D14,18)>=Y$2,$D14>0),1,0)-IF(Y$2-18>$D14,1,0) -> 1
A14: ='Match Selection'!S4 -> House | B14: =vlookup(A14, 'Master Input'!$A$11:$B$27, 2, false) -> Irons | C14: =vlookup(A14,'Master Input'!$A$11:$L$27,'Master Input'!$F$28, false) -> 12 | D14: =C14-SMALL($C$8:$C$17,1) -> 2 | E14: 4 | F14: 5 | G14: 3 | H14: 6 | I14: 6 | J14: 4 | K14: 4 | L14: 4 | M14: 5 | N14: =if(M14="","", sum(E14:M14)) -> 41 | P14: =A14 -> House | Q14: 5 | R14: 6 | S14: 4 | T14: 4 | U14: 6 | V14: 6 | W14: 5 | X14: 4 | Y14: 5 | Z14: =if(Y14="","", sum(Q14:Y14)) -> 45 | AA14: =if(Z14="", "", sum(N14,Z14)) -> 86 | AB14: =if(Y14="", "", AA14-C14) -> 74
E15: =if(E16=1,"O", if(E16=2,"O O","")) -> O | F15: =if(F16=1,"O", if(F16=2,"O O","")) -> O | G15: =if(G16=1,"O", if(G16=2,"O O","")) | H15: =if(H16=1,"O", if(H16=2,"O O","")) | I15: =if(I16=1,"O", if(I16=2,"O O","")) -> O | J15: =if(J16=1,"O", if(J16=2,"O O","")) | K15: =if(K16=1,"O", if(K16=2,"O O","")) | L15: =if(L16=1,"O", if(L16=2,"O O","")) -> O | M15: =if(M16=1,"O", if(M16=2,"O O","")) | Q15: =if(Q16=1,"O", if(Q16=2,"O O","")) | R15: =if(R16=1,"O", if(R16=2,"O O","")) -> O | S15: =if(S16=1,"O", if(S16=2,"O O","")) -> O | T15: =if(T16=1,"O", if(T16=2,"O O","")) | U15: =if(U16=1,"O", if(U16=2,"O O","")) | V15: =if(V16=1,"O", if(V16=2,"O O","")) -> O | W15: =if(W16=1,"O", if(W16=2,"O O","")) -> O | X15: =if(X16=1,"O", if(X16=2,"O O","")) | Y15: =if(Y16=1,"O", if(Y16=2,"O O","")) -> O
E16: =IF($D17>0,FLOOR($D17/18,1),0)+IF(AND(MOD($D17,18)>=E$2,$D17>0),1,0)-IF(E$2-18>$D17,1,0) -> 1 | F16: =IF($D17>0,FLOOR($D17/18,1),0)+IF(AND(MOD($D17,18)>=F$2,$D17>0),1,0)-IF(F$2-18>$D17,1,0) -> 1 | G16: =IF($D17>0,FLOOR($D17/18,1),0)+IF(AND(MOD($D17,18)>=G$2,$D17>0),1,0)-IF(G$2-18>$D17,1,0) -> 0 | H16: =IF($D17>0,FLOOR($D17/18,1),0)+IF(AND(MOD($D17,18)>=H$2,$D17>0),1,0)-IF(H$2-18>$D17,1,0) -> 0 | I16: =IF($D17>0,FLOOR($D17/18,1),0)+IF(AND(MOD($D17,18)>=I$2,$D17>0),1,0)-IF(I$2-18>$D17,1,0) -> 1 | J16: =IF($D17>0,FLOOR($D17/18,1),0)+IF(AND(MOD($D17,18)>=J$2,$D17>0),1,0)-IF(J$2-18>$D17,1,0) -> 0 | K16: =IF($D17>0,FLOOR($D17/18,1),0)+IF(AND(MOD($D17,18)>=K$2,$D17>0),1,0)-IF(K$2-18>$D17,1,0) -> 0 | L16: =IF($D17>0,FLOOR($D17/18,1),0)+IF(AND(MOD($D17,18)>=L$2,$D17>0),1,0)-IF(L$2-18>$D17,1,0) -> 1 | M16: =IF($D17>0,FLOOR($D17/18,1),0)+IF(AND(MOD($D17,18)>=M$2,$D17>0),1,0)-IF(M$2-18>$D17,1,0) -> 0 | Q16: =IF($D17>0,FLOOR($D17/18,1),0)+IF(AND(MOD($D17,18)>=Q$2,$D17>0),1,0)-IF(Q$2-18>$D17,1,0) -> 0 | R16: =IF($D17>0,FLOOR($D17/18,1),0)+IF(AND(MOD($D17,18)>=R$2,$D17>0),1,0)-IF(R$2-18>$D17,1,0) -> 1 | S16: =IF($D17>0,FLOOR($D17/18,1),0)+IF(AND(MOD($D17,18)>=S$2,$D17>0),1,0)-IF(S$2-18>$D17,1,0) -> 1 | T16: =IF($D17>0,FLOOR($D17/18,1),0)+IF(AND(MOD($D17,18)>=T$2,$D17>0),1,0)-IF(T$2-18>$D17,1,0) -> 0 | U16: =IF($D17>0,FLOOR($D17/18,1),0)+IF(AND(MOD($D17,18)>=U$2,$D17>0),1,0)-IF(U$2-18>$D17,1,0) -> 0 | V16: =IF($D17>0,FLOOR($D17/18,1),0)+IF(AND(MOD($D17,18)>=V$2,$D17>0),1,0)-IF(V$2-18>$D17,1,0) -> 1 | W16: =IF($D17>0,FLOOR($D17/18,1),0)+IF(AND(MOD($D17,18)>=W$2,$D17>0),1,0)-IF(W$2-18>$D17,1,0) -> 1 | X16: =IF($D17>0,FLOOR($D17/18,1),0)+IF(AND(MOD($D17,18)>=X$2,$D17>0),1,0)-IF(X$2-18>$D17,1,0) -> 0 | Y16: =IF($D17>0,FLOOR($D17/18,1),0)+IF(AND(MOD($D17,18)>=Y$2,$D17>0),1,0)-IF(Y$2-18>$D17,1,0) -> 1
A17: ='Match Selection'!S5 -> Carp | B17: =vlookup(A17, 'Master Input'!$A$11:$B$27, 2, false) -> Irons | C17: =vlookup(A17,'Master Input'!$A$11:$L$27,'Master Input'!$F$28, false) -> 19 | D17: =C17-SMALL($C$8:$C$17,1) -> 9 | E17: 4 | F17: 9 | G17: 5 | H17: 10 | I17: 6 | J17: 5 | K17: 5 | L17: 8 | M17: 7 | N17: =if(M17="","", sum(E17:M17)) -> 59 | P17: =A17 -> Carp | Q17: 6 | R17: 6 | S17: 7 | T17: 7 | U17: 6 | V17: 5 | W17: 7 | X17: 4 | Y17: 4 | Z17: =if(Y17="","", sum(Q17:Y17)) -> 52 | AA17: =if(Z17="", "", sum(N17,Z17)) -> 111 | AB17: =if(Y17="", "", AA17-C17) -> 92
N18: Front | AB18: Cup Pts
A19: =B8&" Status" -> Drivers Status | B19: Match - Front | E19: =if(E23="","",E23) -> -1 | F19: =if(F23="","",F23+E19) -> 0 | G19: =if(G23="","",G23+F19) -> 0 | H19: =if(H23="","",H23+G19) -> -1 | I19: =if(I23="","",I23+H19) -> 0 | J19: =if(J23="","",J23+I19) -> 0 | K19: =if(K23="","",K23+J19) -> 1 | L19: =if(L23="","",L23+K19) -> 1 | M19: =if(M23="","",M23+L19) -> 1 | N19: =if(M19="", "", if(M19<0, 0, if(M19>0, vlookup($B$2,'Master Input'!$O$12:$R$23,'Master Input'!P$11,false), vlookup($B$2,'Master Input'!$O$12:$R$23,'Master Input'!P$11,false)*0.5))) -> 1 | P19: Match - Overall | Q19: =if(Q23="","",Q23+M19) -> 2 | R19: =if(R23="","",R23+Q19) -> 3 | S19: =if(S23="","",S23+R19) -> 3 | T19: =if(T23="","",T23+S19) -> 3 | U19: =if(U23="","",U23+T19) -> 3 | V19: =if(V23="","",V23+U19) -> 4 | W19: =if(W23="","",W23+V19) -> 4 | X19: =if(X23="","",X23+W19) -> 5 | Y19: =if(Y23="","",Y23+X19) -> 4 | Z19: =if(Y19="", "", if(Y19<0, 0, if(Y19>0, vlookup($B$2,'Master Input'!$O$12:$R$23,'Master Input'!R$11,false), vlookup($B$2,'Master Input'!$O$12:$R$23,'Master Input'!R$11,false)*0.5))) -> 2 | AA19: Overall | AB19: =if(Z19="","", sum(N19,Z19,Z20)) -> 4
P20: Match - Back | Q20: =if(Q23="","",Q23) -> 1 | R20: =if(R23="","",R23+Q20) -> 2 | S20: =if(S23="","",S23+R20) -> 2 | T20: =if(T23="","",T23+S20) -> 2 | U20: =if(U23="","",U23+T20) -> 2 | V20: =if(V23="","",V23+U20) -> 3 | W20: =if(W23="","",W23+V20) -> 3 | X20: =if(X23="","",X23+W20) -> 4 | Y20: =if(Y23="","",Y23+X20) -> 3 | Z20: =if(Y20="", "", if(Y20<0, 0, if(Y20>0, vlookup($B$2,'Master Input'!$O$12:$R$23,'Master Input'!Q$11,false), vlookup($B$2,'Master Input'!$O$12:$R$23,'Master Input'!Q$11,false)*0.5))) -> 1 | AA20: Back | AB20: =if(AB19="","",vlookup($B$2,'Master Input'!$O$12:$R$23,2,false)+vlookup($B$2,'Master Input'!$O$12:$R$23,3,false)+vlookup($B$2,'Master Input'!$O$12:$R$23,4,false)-AB19) -> 0
B22: 1 | C22: 2 | D22: 3 | E22: 4 | F22: 5 | G22: 6 | H22: 7 | I22: 8 | J22: 9 | K22: 10 | L22: 11 | M22: 12 | N22: 13 | O22: 14 | P22: 15 | Q22: 16 | R22: 17 | S22: 18 | T22: 19 | U22: 20 | V22: 21 | W22: 22 | X22: 23 | Y22: 24 | Z22: Hole | AA22: Holes | AB22: Point
B23: Match | E23: =if(OR(E8="", E11="", E14="", E17=""), "", if(small({E8-E7,E11-E10},1)<small({E14-E13,E17-E16},1),1, if(small({E8-E7,E11-E10},1)>small({E14-E13,E17-E16},1),-1, 0))) -> -1 | F23: =if(OR(F8="", F11="", F14="", F17=""), "", if(small({F8-F7,F11-F10},1)<small({F14-F13,F17-F16},1),1, if(small({F8-F7,F11-F10},1)>small({F14-F13,F17-F16},1),-1, 0))) -> 1 | G23: =if(OR(G8="", G11="", G14="", G17=""), "", if(small({G8-G7,G11-G10},1)<small({G14-G13,G17-G16},1),1, if(small({G8-G7,G11-G10},1)>small({G14-G13,G17-G16},1),-1, 0))) -> 0 | H23: =if(OR(H8="", H11="", H14="", H17=""), "", if(small({H8-H7,H11-H10},1)<small({H14-H13,H17-H16},1),1, if(small({H8-H7,H11-H10},1)>small({H14-H13,H17-H16},1),-1, 0))) -> -1 | I23: =if(OR(I8="", I11="", I14="", I17=""), "", if(small({I8-I7,I11-I10},1)<small({I14-I13,I17-I16},1),1, if(small({I8-I7,I11-I10},1)>small({I14-I13,I17-I16},1),-1, 0))) -> 1 | J23: =if(OR(J8="", J11="", J14="", J17=""), "", if(small({J8-J7,J11-J10},1)<small({J14-J13,J17-J16},1),1, if(small({J8-J7,J11-J10},1)>small({J14-J13,J17-J16},1),-1, 0))) -> 0 | K23: =if(OR(K8="", K11="", K14="", K17=""), "", if(small({K8-K7,K11-K10},1)<small({K14-K13,K17-K16},1),1, if(small({K8-K7,K11-K10},1)>small({K14-K13,K17-K16},1),-1, 0))) -> 1 | L23: =if(OR(L8="", L11="", L14="", L17=""), "", if(small({L8-L7,L11-L10},1)<small({L14-L13,L17-L16},1),1, if(small({L8-L7,L11-L10},1)>small({L14-L13,L17-L16},1),-1, 0))) -> 0 | M23: =if(OR(M8="", M11="", M14="", M17=""), "", if(small({M8-M7,M11-M10},1)<small({M14-M13,M17-M16},1),1, if(small({M8-M7,M11-M10},1)>small({M14-M13,M17-M16},1),-1, 0))) -> 0 | Q23: =if(OR(Q8="", Q11="", Q14="", Q17=""), "", if(small({Q8-Q7,Q11-Q10},1)<small({Q14-Q13,Q17-Q16},1),1, if(small({Q8-Q7,Q11-Q10},1)>small({Q14-Q13,Q17-Q16},1),-1, 0))) -> 1 | R23: =if(OR(R8="", R11="", R14="", R17=""), "", if(small({R8-R7,R11-R10},1)<small({R14-R13,R17-R16},1),1, if(small({R8-R7,R11-R10},1)>small({R14-R13,R17-R16},1),-1, 0))) -> 1 | S23: =if(OR(S8="", S11="", S14="", S17=""), "", if(small({S8-S7,S11-S10},1)<small({S14-S13,S17-S16},1),1, if(small({S8-S7,S11-S10},1)>small({S14-S13,S17-S16},1),-1, 0))) -> 0 | T23: =if(OR(T8="", T11="", T14="", T17=""), "", if(small({T8-T7,T11-T10},1)<small({T14-T13,T17-T16},1),1, if(small({T8-T7,T11-T10},1)>small({T14-T13,T17-T16},1),-1, 0))) -> 0 | U23: =if(OR(U8="", U11="", U14="", U17=""), "", if(small({U8-U7,U11-U10},1)<small({U14-U13,U17-U16},1),1, if(small({U8-U7,U11-U10},1)>small({U14-U13,U17-U16},1),-1, 0))) -> 0 | V23: =if(OR(V8="", V11="", V14="", V17=""), "", if(small({V8-V7,V11-V10},1)<small({V14-V13,V17-V16},1),1, if(small({V8-V7,V11-V10},1)>small({V14-V13,V17-V16},1),-1, 0))) -> 1 | W23: =if(OR(W8="", W11="", W14="", W17=""), "", if(small({W8-W7,W11-W10},1)<small({W14-W13,W17-W16},1),1, if(small({W8-W7,W11-W10},1)>small({W14-W13,W17-W16},1),-1, 0))) -> 0 | X23: =if(OR(X8="", X11="", X14="", X17=""), "", if(small({X8-X7,X11-X10},1)<small({X14-X13,X17-X16},1),1, if(small({X8-X7,X11-X10},1)>small({X14-X13,X17-X16},1),-1, 0))) -> 1 | Y23: =if(OR(Y8="", Y11="", Y14="", Y17=""), "", if(small({Y8-Y7,Y11-Y10},1)<small({Y14-Y13,Y17-Y16},1),1, if(small({Y8-Y7,Y11-Y10},1)>small({Y14-Y13,Y17-Y16},1),-1, 0))) -> -1 | Z23: Contr | AA23: Won | AB23: Share
B24: =B8 -> Drivers | E24: =if(E23="","",(E23+1)/2) -> 0 | F24: =if(F23="","",(F23+1)/2) -> 1 | G24: =if(G23="","",(G23+1)/2) -> 0.5 | H24: =if(H23="","",(H23+1)/2) -> 0 | I24: =if(I23="","",(I23+1)/2) -> 1 | J24: =if(J23="","",(J23+1)/2) -> 0.5 | K24: =if(K23="","",(K23+1)/2) -> 1 | L24: =if(L23="","",(L23+1)/2) -> 0.5 | M24: =if(M23="","",(M23+1)/2) -> 0.5 | N24: =if(M23="","",sum(E24:M24)) -> 5 | Q24: =if(Q23="","",(Q23+1)/2) -> 1 | R24: =if(R23="","",(R23+1)/2) -> 1 | S24: =if(S23="","",(S23+1)/2) -> 0.5 | T24: =if(T23="","",(T23+1)/2) -> 0.5 | U24: =if(U23="","",(U23+1)/2) -> 0.5 | V24: =if(V23="","",(V23+1)/2) -> 1 | W24: =if(W23="","",(W23+1)/2) -> 0.5 | X24: =if(X23="","",(X23+1)/2) -> 1 | Y24: =if(Y23="","",(Y23+1)/2) -> 0 | Z24: =if(Y23="","",sum(Q24:Y24)) -> 6 | AA24: =if(Y23="","",sum(Z24,N24)) -> 11
A25: =A8 -> KJ | E25: =if(E23="","",if(E8-E7<E11-E10,1,if(E8-E7=E11-E10,0.5,0))) -> 1 | F25: =if(F23="","",if(F8-F7<F11-F10,1,if(F8-F7=F11-F10,0.5,0))) -> 0 | G25: =if(G23="","",if(G8-G7<G11-G10,1,if(G8-G7=G11-G10,0.5,0))) -> 1 | H25: =if(H23="","",if(H8-H7<H11-H10,1,if(H8-H7=H11-H10,0.5,0))) -> 0.5 | I25: =if(I23="","",if(I8-I7<I11-I10,1,if(I8-I7=I11-I10,0.5,0))) -> 0 | J25: =if(J23="","",if(J8-J7<J11-J10,1,if(J8-J7=J11-J10,0.5,0))) -> 1 | K25: =if(K23="","",if(K8-K7<K11-K10,1,if(K8-K7=K11-K10,0.5,0))) -> 0 | L25: =if(L23="","",if(L8-L7<L11-L10,1,if(L8-L7=L11-L10,0.5,0))) -> 0 | M25: =if(M23="","",if(M8-M7<M11-M10,1,if(M8-M7=M11-M10,0.5,0))) -> 0 | Q25: =if(Q23="","",if(Q8-Q7<Q11-Q10,1,if(Q8-Q7=Q11-Q10,0.5,0))) -> 1 | R25: =if(R23="","",if(R8-R7<R11-R10,1,if(R8-R7=R11-R10,0.5,0))) -> 0 | S25: =if(S23="","",if(S8-S7<S11-S10,1,if(S8-S7=S11-S10,0.5,0))) -> 0 | T25: =if(T23="","",if(T8-T7<T11-T10,1,if(T8-T7=T11-T10,0.5,0))) -> 1 | U25: =if(U23="","",if(U8-U7<U11-U10,1,if(U8-U7=U11-U10,0.5,0))) -> 1 | V25: =if(V23="","",if(V8-V7<V11-V10,1,if(V8-V7=V11-V10,0.5,0))) -> 0.5 | W25: =if(W23="","",if(W8-W7<W11-W10,1,if(W8-W7=W11-W10,0.5,0))) -> 1 | X25: =if(X23="","",if(X8-X7<X11-X10,1,if(X8-X7=X11-X10,0.5,0))) -> 1 | Y25: =if(Y23="","",if(Y8-Y7<Y11-Y10,1,if(Y8-Y7=Y11-Y10,0.5,0))) -> 0 | Z25: =if(Y25="","",sum(E25:M25,Q25:Y25)) -> 9 | AA25: =if(Y25="","",sumproduct({E25:M25,Q25:Y25},{$E$24:$M$24,$Q$24:$Y$24})) -> 5 | AB25: =if(Y25="","",if($N$24=0,0,((sumproduct(E25:M25,$E$24:$M$24)/$N$24)*$N$19)) +if($Z$24=0,0,((sumproduct(Q25:Y25,$Q$24:$Y$24)/$Z$24)*$Z$20)) +if($AA$24=0,0,((AA25/$AA$24)*$Z$19))) -> 1.7757576
A26: =A11 -> Weezy | E26: =if(E23="","",if(E8-E7>E11-E10,1,if(E8-E7=E11-E10,0.5,0))) -> 0 | F26: =if(F23="","",if(F8-F7>F11-F10,1,if(F8-F7=F11-F10,0.5,0))) -> 1 | G26: =if(G23="","",if(G8-G7>G11-G10,1,if(G8-G7=G11-G10,0.5,0))) -> 0 | H26: =if(H23="","",if(H8-H7>H11-H10,1,if(H8-H7=H11-H10,0.5,0))) -> 0.5 | I26: =if(I23="","",if(I8-I7>I11-I10,1,if(I8-I7=I11-I10,0.5,0))) -> 1 | J26: =if(J23="","",if(J8-J7>J11-J10,1,if(J8-J7=J11-J10,0.5,0))) -> 0 | K26: =if(K23="","",if(K8-K7>K11-K10,1,if(K8-K7=K11-K10,0.5,0))) -> 1 | L26: =if(L23="","",if(L8-L7>L11-L10,1,if(L8-L7=L11-L10,0.5,0))) -> 1 | M26: =if(M23="","",if(M8-M7>M11-M10,1,if(M8-M7=M11-M10,0.5,0))) -> 1 | Q26: =if(Q23="","",if(Q8-Q7>Q11-Q10,1,if(Q8-Q7=Q11-Q10,0.5,0))) -> 0 | R26: =if(R23="","",if(R8-R7>R11-R10,1,if(R8-R7=R11-R10,0.5,0))) -> 1 | S26: =if(S23="","",if(S8-S7>S11-S10,1,if(S8-S7=S11-S10,0.5,0))) -> 1 | T26: =if(T23="","",if(T8-T7>T11-T10,1,if(T8-T7=T11-T10,0.5,0))) -> 0 | U26: =if(U23="","",if(U8-U7>U11-U10,1,if(U8-U7=U11-U10,0.5,0))) -> 0 | V26: =if(V23="","",if(V8-V7>V11-V10,1,if(V8-V7=V11-V10,0.5,0))) -> 0.5 | W26: =if(W23="","",if(W8-W7>W11-W10,1,if(W8-W7=W11-W10,0.5,0))) -> 0 | X26: =if(X23="","",if(X8-X7>X11-X10,1,if(X8-X7=X11-X10,0.5,0))) -> 0 | Y26: =if(Y23="","",if(Y8-Y7>Y11-Y10,1,if(Y8-Y7=Y11-Y10,0.5,0))) -> 1 | Z26: =if(Y26="","",sum(E26:M26,Q26:Y26)) -> 9 | AA26: =if(Y26="","",sumproduct({E26:M26,Q26:Y26},{$E$24:$M$24,$Q$24:$Y$24})) -> 6 | AB26: =if(Y26="","",if($N$24=0,0,((sumproduct(E26:M26,$E$24:$M$24)/$N$24)*$N$19)) +if($Z$24=0,0,((sumproduct(Q26:Y26,$Q$24:$Y$24)/$Z$24)*$Z$20)) +if($AA$24=0,0,((AA26/$AA$24)*$Z$19))) -> 2.2242424
B27: =B14 -> Irons | E27: =if(E23="","",(1-E23)/2) -> 1 | F27: =if(F23="","",(1-F23)/2) -> 0 | G27: =if(G23="","",(1-G23)/2) -> 0.5 | H27: =if(H23="","",(1-H23)/2) -> 1 | I27: =if(I23="","",(1-I23)/2) -> 0 | J27: =if(J23="","",(1-J23)/2) -> 0.5 | K27: =if(K23="","",(1-K23)/2) -> 0 | L27: =if(L23="","",(1-L23)/2) -> 0.5 | M27: =if(M23="","",(1-M23)/2) -> 0.5 | N27: =if(M26="","",sum(E27:M27)) -> 4 | Q27: =if(Q23="","",(1-Q23)/2) -> 0 | R27: =if(R23="","",(1-R23)/2) -> 0 | S27: =if(S23="","",(1-S23)/2) -> 0.5 | T27: =if(T23="","",(1-T23)/2) -> 0.5 | U27: =if(U23="","",(1-U23)/2) -> 0.5 | V27: =if(V23="","",(1-V23)/2) -> 0 | W27: =if(W23="","",(1-W23)/2) -> 0.5 | X27: =if(X23="","",(1-X23)/2) -> 0 | Y27: =if(Y23="","",(1-Y23)/2) -> 1 | Z27: =if(Y26="","",sum(Q27:Y27)) -> 3 | AA27: =if(Y26="","",sum(Z27,N27)) -> 7
A28: =A14 -> House | E28: =if(E23="","",if(E17-E16>E14-E13,1,if(E17-E16=E14-E13,0.5,0))) -> 0.5 | F28: =if(F23="","",if(F17-F16>F14-F13,1,if(F17-F16=F14-F13,0.5,0))) -> 1 | G28: =if(G23="","",if(G17-G16>G14-G13,1,if(G17-G16=G14-G13,0.5,0))) -> 1 | H28: =if(H23="","",if(H17-H16>H14-H13,1,if(H17-H16=H14-H13,0.5,0))) -> 1 | I28: =if(I23="","",if(I17-I16>I14-I13,1,if(I17-I16=I14-I13,0.5,0))) -> 0 | J28: =if(J23="","",if(J17-J16>J14-J13,1,if(J17-J16=J14-J13,0.5,0))) -> 1 | K28: =if(K23="","",if(K17-K16>K14-K13,1,if(K17-K16=K14-K13,0.5,0))) -> 1 | L28: =if(L23="","",if(L17-L16>L14-L13,1,if(L17-L16=L14-L13,0.5,0))) -> 1 | M28: =if(M23="","",if(M17-M16>M14-M13,1,if(M17-M16=M14-M13,0.5,0))) -> 1 | Q28: =if(Q23="","",if(Q17-Q16>Q14-Q13,1,if(Q17-Q16=Q14-Q13,0.5,0))) -> 1 | R28: =if(R23="","",if(R17-R16>R14-R13,1,if(R17-R16=R14-R13,0.5,0))) -> 0 | S28: =if(S23="","",if(S17-S16>S14-S13,1,if(S17-S16=S14-S13,0.5,0))) -> 1 | T28: =if(T23="","",if(T17-T16>T14-T13,1,if(T17-T16=T14-T13,0.5,0))) -> 1 | U28: =if(U23="","",if(U17-U16>U14-U13,1,if(U17-U16=U14-U13,0.5,0))) -> 0.5 | V28: =if(V23="","",if(V17-V16>V14-V13,1,if(V17-V16=V14-V13,0.5,0))) -> 0 | W28: =if(W23="","",if(W17-W16>W14-W13,1,if(W17-W16=W14-W13,0.5,0))) -> 1 | X28: =if(X23="","",if(X17-X16>X14-X13,1,if(X17-X16=X14-X13,0.5,0))) -> 0.5 | Y28: =if(Y23="","",if(Y17-Y16>Y14-Y13,1,if(Y17-Y16=Y14-Y13,0.5,0))) -> 0 | Z28: =if(Y28="","",sum(E28:M28,Q28:Y28)) -> 12.5 | AA28: =if(Y28="","",sumproduct({E28:M28,Q28:Y28},{$E$27:$M$27,$Q$27:$Y$27})) -> 5.25 | AB28: =if(Y28="","",if($N$27=0,0,((sumproduct(E28:M28,$E$27:$M$27)/$N$27)*(vlookup($B$2,'Master Input'!$O$12:$R$23,'Master Input'!P$11,false)-$N$19))) +if($Z$27=0,0,((sumproduct(Q28:Y28,$Q$27:$Y$27)/$Z$27)*(vlookup($B$2,'Master Input'!$O$12:$R$23,'Master Input'!Q$11,false)-$Z$20))) +if($AA$27=0,0,((AA28/$AA$27)*(vlookup($B$2,'Master Input'!$O$12:$R$23,'Master Input'!R$11,false)-$Z$19)))) -> 0
A29: =A17 -> Carp | E29: =if(E23="","",if(E17-E16<E14-E13,1,if(E17-E16=E14-E13,0.5,0))) -> 0.5 | F29: =if(F23="","",if(F17-F16<F14-F13,1,if(F17-F16=F14-F13,0.5,0))) -> 0 | G29: =if(G23="","",if(G17-G16<G14-G13,1,if(G17-G16=G14-G13,0.5,0))) -> 0 | H29: =if(H23="","",if(H17-H16<H14-H13,1,if(H17-H16=H14-H13,0.5,0))) -> 0 | I29: =if(I23="","",if(I17-I16<I14-I13,1,if(I17-I16=I14-I13,0.5,0))) -> 1 | J29: =if(J23="","",if(J17-J16<J14-J13,1,if(J17-J16=J14-J13,0.5,0))) -> 0 | K29: =if(K23="","",if(K17-K16<K14-K13,1,if(K17-K16=K14-K13,0.5,0))) -> 0 | L29: =if(L23="","",if(L17-L16<L14-L13,1,if(L17-L16=L14-L13,0.5,0))) -> 0 | M29: =if(M23="","",if(M17-M16<M14-M13,1,if(M17-M16=M14-M13,0.5,0))) -> 0 | Q29: =if(Q23="","",if(Q17-Q16<Q14-Q13,1,if(Q17-Q16=Q14-Q13,0.5,0))) -> 0 | R29: =if(R23="","",if(R17-R16<R14-R13,1,if(R17-R16=R14-R13,0.5,0))) -> 1 | S29: =if(S23="","",if(S17-S16<S14-S13,1,if(S17-S16=S14-S13,0.5,0))) -> 0 | T29: =if(T23="","",if(T17-T16<T14-T13,1,if(T17-T16=T14-T13,0.5,0))) -> 0 | U29: =if(U23="","",if(U17-U16<U14-U13,1,if(U17-U16=U14-U13,0.5,0))) -> 0.5 | V29: =if(V23="","",if(V17-V16<V14-V13,1,if(V17-V16=V14-V13,0.5,0))) -> 1 | W29: =if(W23="","",if(W17-W16<W14-W13,1,if(W17-W16=W14-W13,0.5,0))) -> 0 | X29: =if(X23="","",if(X17-X16<X14-X13,1,if(X17-X16=X14-X13,0.5,0))) -> 0.5 | Y29: =if(Y23="","",if(Y17-Y16<Y14-Y13,1,if(Y17-Y16=Y14-Y13,0.5,0))) -> 1 | Z29: =if(Y29="","",sum(E29:M29,Q29:Y29)) -> 5.5 | AA29: =if(Y29="","",sumproduct({E29:M29,Q29:Y29},{$E$27:$M$27,$Q$27:$Y$27})) -> 1.75 | AB29: =if(Y29="","",((sumproduct(E29:M29,$E$27:$M$27)/$N$27)*(vlookup($B$2,'Master Input'!$O$12:$R$23,'Master Input'!P$11,false)-$N$19)) +((sumproduct(Q29:Y29,$Q$27:$Y$27)/$Z$27)*(vlookup($B$2,'Master Input'!$O$12:$R$23,'Master Input'!Q$11,false)-$Z$20)) +((AA29/$AA$27)*(vlookup($B$2,'Master Input'!$O$12:$R$23,'Master Input'!R$11,false)-$Z$19))) -> 0
E30: =sum(E25:E26,E28:E29) -> 2 | F30: =sum(F25:F26,F28:F29) -> 2 | G30: =sum(G25:G26,G28:G29) -> 2 | H30: =sum(H25:H26,H28:H29) -> 2 | I30: =sum(I25:I26,I28:I29) -> 2 | J30: =sum(J25:J26,J28:J29) -> 2 | K30: =sum(K25:K26,K28:K29) -> 2 | L30: =sum(L25:L26,L28:L29) -> 2 | M30: =sum(M25:M26,M28:M29) -> 2 | Q30: =sum(Q25:Q26,Q28:Q29) -> 2 | R30: =sum(R25:R26,R28:R29) -> 2 | S30: =sum(S25:S26,S28:S29) -> 2 | T30: =sum(T25:T26,T28:T29) -> 2 | U30: =sum(U25:U26,U28:U29) -> 2 | V30: =sum(V25:V26,V28:V29) -> 2 | W30: =sum(W25:W26,W28:W29) -> 2 | X30: =sum(X25:X26,X28:X29) -> 2 | ... Z30: =sum(Z25:Z26,Z28:Z29) -> 36

Sheet R1_G4
A1: Group 4 | B1: ='Master Input'!F4 -> 0.041666667 | C1: ='Master Input'!$E$2 -> Round 1 | E1: ='Master Input'!$E$6 -> GVSU Meadows - Blue | P1: ='Master Input'!$E$2 -> Round 1 | R1: ='Master Input'!$E$6 -> GVSU Meadows - Blue
A2: Handi: | B2: ='Match Selection'!B4 -> 2-Man Best Ball | D2: Handi: | E2: =vlookup($E1, 'Course List'!$A$3:$AS$14,5+E4, false) -> 2 | F2: =vlookup($E1, 'Course List'!$A$3:$AS$14,5+F4, false) -> 8 | G2: =vlookup($E1, 'Course List'!$A$3:$AS$14,5+G4, false) -> 14 | H2: =vlookup($E1, 'Course List'!$A$3:$AS$14,5+H4, false) -> 12 | I2: =vlookup($E1, 'Course List'!$A$3:$AS$14,5+I4, false) -> 6 | J2: =vlookup($E1, 'Course List'!$A$3:$AS$14,5+J4, false) -> 18 | K2: =vlookup($E1, 'Course List'!$A$3:$AS$14,5+K4, false) -> 10 | L2: =vlookup($E1, 'Course List'!$A$3:$AS$14,5+L4, false) -> 4 | M2: =vlookup($E1, 'Course List'!$A$3:$AS$14,5+M4, false) -> 16 | P2: Handi: | Q2: =vlookup($E1, 'Course List'!$A$3:$AS$14,5+Q4, false) -> 13 | R2: =vlookup($E1, 'Course List'!$A$3:$AS$14,5+R4, false) -> 3 | S2: =vlookup($E1, 'Course List'!$A$3:$AS$14,5+S4, false) -> 9 | T2: =vlookup($E1, 'Course List'!$A$3:$AS$14,5+T4, false) -> 15 | U2: =vlookup($E1, 'Course List'!$A$3:$AS$14,5+U4, false) -> 11 | V2: =vlookup($E1, 'Course List'!$A$3:$AS$14,5+V4, false) -> 5 | W2: =vlookup($E1, 'Course List'!$A$3:$AS$14,5+W4, false) -> 7 | X2: =vlookup($E1, 'Course List'!$A$3:$AS$14,5+X4, false) -> 17 | Y2: =vlookup($E1, 'Course List'!$A$3:$AS$14,5+Y4, false) -> 1
A3: Par: | D3: Par: | E3: =vlookup($E1, 'Course List'!$A$3:$AS$14,27+E4, false) -> 4 | F3: =vlookup($E1, 'Course List'!$A$3:$AS$14,27+F4, false) -> 4 | G3: =vlookup($E1, 'Course List'!$A$3:$AS$14,27+G4, false) -> 3 | H3: =vlookup($E1, 'Course List'!$A$3:$AS$14,27+H4, false) -> 5 | I3: =vlookup($E1, 'Course List'!$A$3:$AS$14,27+I4, false) -> 4 | J3: =vlookup($E1, 'Course List'!$A$3:$AS$14,27+J4, false) -> 4 | K3: =vlookup($E1, 'Course List'!$A$3:$AS$14,27+K4, false) -> 3 | L3: =vlookup($E1, 'Course List'!$A$3:$AS$14,27+L4, false) -> 4 | M3: =vlookup($E1, 'Course List'!$A$3:$AS$14,27+M4, false) -> 5 | N3: =SUM(E3:M3) -> 36 | P3: Par: | Q3: =vlookup($E1, 'Course List'!$A$3:$AS$14,27+Q4, false) -> 4 | R3: =vlookup($E1, 'Course List'!$A$3:$AS$14,27+R4, false) -> 4 | S3: =vlookup($E1, 'Course List'!$A$3:$AS$14,27+S4, false) -> 4 | T3: =vlookup($E1, 'Course List'!$A$3:$AS$14,27+T4, false) -> 3 | U3: =vlookup($E1, 'Course List'!$A$3:$AS$14,27+U4, false) -> 5 | V3: =vlookup($E1, 'Course List'!$A$3:$AS$14,27+V4, false) -> 4 | W3: =vlookup($E1, 'Course List'!$A$3:$AS$14,27+W4, false) -> 4 | X3: =vlookup($E1, 'Course List'!$A$3:$AS$14,27+X4, false) -> 3 | Y3: =vlookup($E1, 'Course List'!$A$3:$AS$14,27+Y4, false) -> 4 | Z3: =SUM(Q3:Y3) -> 35 | AA3: =N3+Z3 -> 71
A4: Hole: | B4: Team | C4: Tee HCP | D4: Net HCP | E4: 1 | F4: 2 | G4: 3 | H4: 4 | I4: 5 | J4: 6 | K4: 7 | L4: 8 | M4: 9 | N4: OUT | P4: Hole: | Q4: 10 | R4: 11 | S4: 12 | T4: 13 | U4: 14 | V4: 15 | W4: 16 | X4: 17 | Y4: 18 | Z4: IN | AA4: Total Gross | AB4: Total Net
E6: =if(E7=1,"O", if(E7=2,"O O","")) | F6: =if(F7=1,"O", if(F7=2,"O O","")) | G6: =if(G7=1,"O", if(G7=2,"O O","")) | H6: =if(H7=1,"O", if(H7=2,"O O","")) | I6: =if(I7=1,"O", if(I7=2,"O O","")) | J6: =if(J7=1,"O", if(J7=2,"O O","")) | K6: =if(K7=1,"O", if(K7=2,"O O","")) | L6: =if(L7=1,"O", if(L7=2,"O O","")) | M6: =if(M7=1,"O", if(M7=2,"O O","")) | Q6: =if(Q7=1,"O", if(Q7=2,"O O","")) | R6: =if(R7=1,"O", if(R7=2,"O O","")) | S6: =if(S7=1,"O", if(S7=2,"O O","")) | T6: =if(T7=1,"O", if(T7=2,"O O","")) | U6: =if(U7=1,"O", if(U7=2,"O O","")) | V6: =if(V7=1,"O", if(V7=2,"O O","")) | W6: =if(W7=1,"O", if(W7=2,"O O","")) | X6: =if(X7=1,"O", if(X7=2,"O O","")) | Y6: =if(Y7=1,"O", if(Y7=2,"O O",""))
E7: =IF($D8>0,FLOOR($D8/18,1),0)+IF(AND(MOD($D8,18)>=E$2,$D8>0),1,0)-IF(E$2-18>$D8,1,0) -> 0 | F7: =IF($D8>0,FLOOR($D8/18,1),0)+IF(AND(MOD($D8,18)>=F$2,$D8>0),1,0)-IF(F$2-18>$D8,1,0) -> 0 | G7: =IF($D8>0,FLOOR($D8/18,1),0)+IF(AND(MOD($D8,18)>=G$2,$D8>0),1,0)-IF(G$2-18>$D8,1,0) -> 0 | H7: =IF($D8>0,FLOOR($D8/18,1),0)+IF(AND(MOD($D8,18)>=H$2,$D8>0),1,0)-IF(H$2-18>$D8,1,0) -> 0 | I7: =IF($D8>0,FLOOR($D8/18,1),0)+IF(AND(MOD($D8,18)>=I$2,$D8>0),1,0)-IF(I$2-18>$D8,1,0) -> 0 | J7: =IF($D8>0,FLOOR($D8/18,1),0)+IF(AND(MOD($D8,18)>=J$2,$D8>0),1,0)-IF(J$2-18>$D8,1,0) -> 0 | K7: =IF($D8>0,FLOOR($D8/18,1),0)+IF(AND(MOD($D8,18)>=K$2,$D8>0),1,0)-IF(K$2-18>$D8,1,0) -> 0 | L7: =IF($D8>0,FLOOR($D8/18,1),0)+IF(AND(MOD($D8,18)>=L$2,$D8>0),1,0)-IF(L$2-18>$D8,1,0) -> 0 | M7: =IF($D8>0,FLOOR($D8/18,1),0)+IF(AND(MOD($D8,18)>=M$2,$D8>0),1,0)-IF(M$2-18>$D8,1,0) -> 0 | Q7: =IF($D8>0,FLOOR($D8/18,1),0)+IF(AND(MOD($D8,18)>=Q$2,$D8>0),1,0)-IF(Q$2-18>$D8,1,0) -> 0 | R7: =IF($D8>0,FLOOR($D8/18,1),0)+IF(AND(MOD($D8,18)>=R$2,$D8>0),1,0)-IF(R$2-18>$D8,1,0) -> 0 | S7: =IF($D8>0,FLOOR($D8/18,1),0)+IF(AND(MOD($D8,18)>=S$2,$D8>0),1,0)-IF(S$2-18>$D8,1,0) -> 0 | T7: =IF($D8>0,FLOOR($D8/18,1),0)+IF(AND(MOD($D8,18)>=T$2,$D8>0),1,0)-IF(T$2-18>$D8,1,0) -> 0 | U7: =IF($D8>0,FLOOR($D8/18,1),0)+IF(AND(MOD($D8,18)>=U$2,$D8>0),1,0)-IF(U$2-18>$D8,1,0) -> 0 | V7: =IF($D8>0,FLOOR($D8/18,1),0)+IF(AND(MOD($D8,18)>=V$2,$D8>0),1,0)-IF(V$2-18>$D8,1,0) -> 0 | W7: =IF($D8>0,FLOOR($D8/18,1),0)+IF(AND(MOD($D8,18)>=W$2,$D8>0),1,0)-IF(W$2-18>$D8,1,0) -> 0 | X7: =IF($D8>0,FLOOR($D8/18,1),0)+IF(AND(MOD($D8,18)>=X$2,$D8>0),1,0)-IF(X$2-18>$D8,1,0) -> 0 | Y7: =IF($D8>0,FLOOR($D8/18,1),0)+IF(AND(MOD($D8,18)>=Y$2,$D8>0),1,0)-IF(Y$2-18>$D8,1,0) -> 0
A8: ='Match Selection'!V4 -> Telly | B8: =vlookup(A8, 'Master Input'!$A$11:$B$27, 2, false) -> Drivers | C8: =vlookup(A8,'Master Input'!$A$11:$L$27,'Master Input'!$F$28, false) -> 7 | D8: =C8-SMALL($C$8:$C$17,1) -> 0 | E8: 7 | F8: 4 | G8: 4 | H8: 5 | I8: 4 | J8: 4 | K8: 5 | L8: 4 | M8: 6 | N8: =if(M8="","", sum(E8:M8)) -> 43 | P8: =A8 -> Telly | Q8: 3 | R8: 5 | S8: 7 | T8: 4 | U8: 6 | V8: 5 | W8: 4 | X8: 5 | Y8: 5 | Z8: =if(Y8="","", sum(Q8:Y8)) -> 44 | AA8: =if(Z8="", "", sum(N8,Z8)) -> 87 | AB8: =if(Y8="", "", AA8-C8) -> 80
E9: =if(E10=1,"O", if(E10=2,"O O","")) -> O O | F9: =if(F10=1,"O", if(F10=2,"O O","")) -> O | G9: =if(G10=1,"O", if(G10=2,"O O","")) -> O | H9: =if(H10=1,"O", if(H10=2,"O O","")) -> O | I9: =if(I10=1,"O", if(I10=2,"O O","")) -> O | J9: =if(J10=1,"O", if(J10=2,"O O","")) -> O | K9: =if(K10=1,"O", if(K10=2,"O O","")) -> O | L9: =if(L10=1,"O", if(L10=2,"O O","")) -> O | M9: =if(M10=1,"O", if(M10=2,"O O","")) -> O | Q9: =if(Q10=1,"O", if(Q10=2,"O O","")) -> O | R9: =if(R10=1,"O", if(R10=2,"O O","")) -> O O | S9: =if(S10=1,"O", if(S10=2,"O O","")) -> O | T9: =if(T10=1,"O", if(T10=2,"O O","")) -> O | U9: =if(U10=1,"O", if(U10=2,"O O","")) -> O | V9: =if(V10=1,"O", if(V10=2,"O O","")) -> O | W9: =if(W10=1,"O", if(W10=2,"O O","")) -> O | X9: =if(X10=1,"O", if(X10=2,"O O","")) -> O | Y9: =if(Y10=1,"O", if(Y10=2,"O O","")) -> O O
E10: =IF($D11>0,FLOOR($D11/18,1),0)+IF(AND(MOD($D11,18)>=E$2,$D11>0),1,0)-IF(E$2-18>$D11,1,0) -> 2 | F10: =IF($D11>0,FLOOR($D11/18,1),0)+IF(AND(MOD($D11,18)>=F$2,$D11>0),1,0)-IF(F$2-18>$D11,1,0) -> 1 | G10: =IF($D11>0,FLOOR($D11/18,1),0)+IF(AND(MOD($D11,18)>=G$2,$D11>0),1,0)-IF(G$2-18>$D11,1,0) -> 1 | H10: =IF($D11>0,FLOOR($D11/18,1),0)+IF(AND(MOD($D11,18)>=H$2,$D11>0),1,0)-IF(H$2-18>$D11,1,0) -> 1 | I10: =IF($D11>0,FLOOR($D11/18,1),0)+IF(AND(MOD($D11,18)>=I$2,$D11>0),1,0)-IF(I$2-18>$D11,1,0) -> 1 | J10: =IF($D11>0,FLOOR($D11/18,1),0)+IF(AND(MOD($D11,18)>=J$2,$D11>0),1,0)-IF(J$2-18>$D11,1,0) -> 1 | K10: =IF($D11>0,FLOOR($D11/18,1),0)+IF(AND(MOD($D11,18)>=K$2,$D11>0),1,0)-IF(K$2-18>$D11,1,0) -> 1 | L10: =IF($D11>0,FLOOR($D11/18,1),0)+IF(AND(MOD($D11,18)>=L$2,$D11>0),1,0)-IF(L$2-18>$D11,1,0) -> 1 | M10: =IF($D11>0,FLOOR($D11/18,1),0)+IF(AND(MOD($D11,18)>=M$2,$D11>0),1,0)-IF(M$2-18>$D11,1,0) -> 1 | Q10: =IF($D11>0,FLOOR($D11/18,1),0)+IF(AND(MOD($D11,18)>=Q$2,$D11>0),1,0)-IF(Q$2-18>$D11,1,0) -> 1 | R10: =IF($D11>0,FLOOR($D11/18,1),0)+IF(AND(MOD($D11,18)>=R$2,$D11>0),1,0)-IF(R$2-18>$D11,1,0) -> 2 | S10: =IF($D11>0,FLOOR($D11/18,1),0)+IF(AND(MOD($D11,18)>=S$2,$D11>0),1,0)-IF(S$2-18>$D11,1,0) -> 1 | T10: =IF($D11>0,FLOOR($D11/18,1),0)+IF(AND(MOD($D11,18)>=T$2,$D11>0),1,0)-IF(T$2-18>$D11,1,0) -> 1 | U10: =IF($D11>0,FLOOR($D11/18,1),0)+IF(AND(MOD($D11,18)>=U$2,$D11>0),1,0)-IF(U$2-18>$D11,1,0) -> 1 | V10: =IF($D11>0,FLOOR($D11/18,1),0)+IF(AND(MOD($D11,18)>=V$2,$D11>0),1,0)-IF(V$2-18>$D11,1,0) -> 1 | W10: =IF($D11>0,FLOOR($D11/18,1),0)+IF(AND(MOD($D11,18)>=W$2,$D11>0),1,0)-IF(W$2-18>$D11,1,0) -> 1 | X10: =IF($D11>0,FLOOR($D11/18,1),0)+IF(AND(MOD($D11,18)>=X$2,$D11>0),1,0)-IF(X$2-18>$D11,1,0) -> 1 | Y10: =IF($D11>0,FLOOR($D11/18,1),0)+IF(AND(MOD($D11,18)>=Y$2,$D11>0),1,0)-IF(Y$2-18>$D11,1,0) -> 2
A11: ='Match Selection'!V5 -> Hile | B11: =vlookup(A11, 'Master Input'!$A$11:$B$27, 2, false) -> Drivers | C11: =vlookup(A11,'Master Input'!$A$11:$L$27,'Master Input'!$F$28, false) -> 28 | D11: =C11-SMALL($C$8:$C$17,1) -> 21 | E11: 7 | F11: 8 | G11: 4 | H11: 8 | I11: 5 | J11: 6 | K11: 6 | L11: 5 | M11: 6 | N11: =if(M11="","", sum(E11:M11)) -> 55 | P11: =A11 -> Hile | Q11: 7 | R11: 8 | S11: 5 | T11: 4 | U11: 8 | V11: 7 | W11: 8 | X11: 5 | Y11: 6 | Z11: =if(Y11="","", sum(Q11:Y11)) -> 58 | AA11: =if(Z11="", "", sum(N11,Z11)) -> 113 | AB11: =if(Y11="", "", AA11-C11) -> 85
E12: =if(E13=1,"O", if(E13=2,"O O","")) -> O | F12: =if(F13=1,"O", if(F13=2,"O O","")) | G12: =if(G13=1,"O", if(G13=2,"O O","")) | H12: =if(H13=1,"O", if(H13=2,"O O","")) | I12: =if(I13=1,"O", if(I13=2,"O O","")) | J12: =if(J13=1,"O", if(J13=2,"O O","")) | K12: =if(K13=1,"O", if(K13=2,"O O","")) | L12: =if(L13=1,"O", if(L13=2,"O O","")) | M12: =if(M13=1,"O", if(M13=2,"O O","")) | Q12: =if(Q13=1,"O", if(Q13=2,"O O","")) | R12: =if(R13=1,"O", if(R13=2,"O O","")) | S12: =if(S13=1,"O", if(S13=2,"O O","")) | T12: =if(T13=1,"O", if(T13=2,"O O","")) | U12: =if(U13=1,"O", if(U13=2,"O O","")) | V12: =if(V13=1,"O", if(V13=2,"O O","")) | W12: =if(W13=1,"O", if(W13=2,"O O","")) | X12: =if(X13=1,"O", if(X13=2,"O O","")) | Y12: =if(Y13=1,"O", if(Y13=2,"O O","")) -> O
E13: =IF($D14>0,FLOOR($D14/18,1),0)+IF(AND(MOD($D14,18)>=E$2,$D14>0),1,0)-IF(E$2-18>$D14,1,0) -> 1 | F13: =IF($D14>0,FLOOR($D14/18,1),0)+IF(AND(MOD($D14,18)>=F$2,$D14>0),1,0)-IF(F$2-18>$D14,1,0) -> 0 | G13: =IF($D14>0,FLOOR($D14/18,1),0)+IF(AND(MOD($D14,18)>=G$2,$D14>0),1,0)-IF(G$2-18>$D14,1,0) -> 0 | H13: =IF($D14>0,FLOOR($D14/18,1),0)+IF(AND(MOD($D14,18)>=H$2,$D14>0),1,0)-IF(H$2-18>$D14,1,0) -> 0 | I13: =IF($D14>0,FLOOR($D14/18,1),0)+IF(AND(MOD($D14,18)>=I$2,$D14>0),1,0)-IF(I$2-18>$D14,1,0) -> 0 | J13: =IF($D14>0,FLOOR($D14/18,1),0)+IF(AND(MOD($D14,18)>=J$2,$D14>0),1,0)-IF(J$2-18>$D14,1,0) -> 0 | K13: =IF($D14>0,FLOOR($D14/18,1),0)+IF(AND(MOD($D14,18)>=K$2,$D14>0),1,0)-IF(K$2-18>$D14,1,0) -> 0 | L13: =IF($D14>0,FLOOR($D14/18,1),0)+IF(AND(MOD($D14,18)>=L$2,$D14>0),1,0)-IF(L$2-18>$D14,1,0) -> 0 | M13: =IF($D14>0,FLOOR($D14/18,1),0)+IF(AND(MOD($D14,18)>=M$2,$D14>0),1,0)-IF(M$2-18>$D14,1,0) -> 0 | Q13: =IF($D14>0,FLOOR($D14/18,1),0)+IF(AND(MOD($D14,18)>=Q$2,$D14>0),1,0)-IF(Q$2-18>$D14,1,0) -> 0 | R13: =IF($D14>0,FLOOR($D14/18,1),0)+IF(AND(MOD($D14,18)>=R$2,$D14>0),1,0)-IF(R$2-18>$D14,1,0) -> 0 | S13: =IF($D14>0,FLOOR($D14/18,1),0)+IF(AND(MOD($D14,18)>=S$2,$D14>0),1,0)-IF(S$2-18>$D14,1,0) -> 0 | T13: =IF($D14>0,FLOOR($D14/18,1),0)+IF(AND(MOD($D14,18)>=T$2,$D14>0),1,0)-IF(T$2-18>$D14,1,0) -> 0 | U13: =IF($D14>0,FLOOR($D14/18,1),0)+IF(AND(MOD($D14,18)>=U$2,$D14>0),1,0)-IF(U$2-18>$D14,1,0) -> 0 | V13: =IF($D14>0,FLOOR($D14/18,1),0)+IF(AND(MOD($D14,18)>=V$2,$D14>0),1,0)-IF(V$2-18>$D14,1,0) -> 0 | W13: =IF($D14>0,FLOOR($D14/18,1),0)+IF(AND(MOD($D14,18)>=W$2,$D14>0),1,0)-IF(W$2-18>$D14,1,0) -> 0 | X13: =IF($D14>0,FLOOR($D14/18,1),0)+IF(AND(MOD($D14,18)>=X$2,$D14>0),1,0)-IF(X$2-18>$D14,1,0) -> 0 | Y13: =IF($D14>0,FLOOR($D14/18,1),0)+IF(AND(MOD($D14,18)>=Y$2,$D14>0),1,0)-IF(Y$2-18>$D14,1,0) -> 1
A14: ='Match Selection'!Y4 -> Jensen | B14: =vlookup(A14, 'Master Input'!$A$11:$B$27, 2, false) -> Irons | C14: =vlookup(A14,'Master Input'!$A$11:$L$27,'Master Input'!$F$28, false) -> 9 | D14: =C14-SMALL($C$8:$C$17,1) -> 2 | E14: 4 | F14: 4 | G14: 4 | H14: 8 | I14: 3 | J14: 5 | K14: 4 | L14: 3 | M14: 6 | N14: =if(M14="","", sum(E14:M14)) -> 41 | P14: =A14 -> Jensen | Q14: 4 | R14: 6 | S14: 5 | T14: 3 | U14: 8 | V14: 4 | W14: 6 | X14: 3 | Y14: 5 | Z14: =if(Y14="","", sum(Q14:Y14)) -> 44 | AA14: =if(Z14="", "", sum(N14,Z14)) -> 85 | AB14: =if(Y14="", "", AA14-C14) -> 76
E15: =if(E16=1,"O", if(E16=2,"O O","")) -> O | F15: =if(F16=1,"O", if(F16=2,"O O","")) -> O | G15: =if(G16=1,"O", if(G16=2,"O O","")) | H15: =if(H16=1,"O", if(H16=2,"O O","")) | I15: =if(I16=1,"O", if(I16=2,"O O","")) -> O | J15: =if(J16=1,"O", if(J16=2,"O O","")) | K15: =if(K16=1,"O", if(K16=2,"O O","")) | L15: =if(L16=1,"O", if(L16=2,"O O","")) -> O | M15: =if(M16=1,"O", if(M16=2,"O O","")) | Q15: =if(Q16=1,"O", if(Q16=2,"O O","")) | R15: =if(R16=1,"O", if(R16=2,"O O","")) -> O | S15: =if(S16=1,"O", if(S16=2,"O O","")) | T15: =if(T16=1,"O", if(T16=2,"O O","")) | U15: =if(U16=1,"O", if(U16=2,"O O","")) | V15: =if(V16=1,"O", if(V16=2,"O O","")) -> O | W15: =if(W16=1,"O", if(W16=2,"O O","")) -> O | X15: =if(X16=1,"O", if(X16=2,"O O","")) | Y15: =if(Y16=1,"O", if(Y16=2,"O O","")) -> O
E16: =IF($D17>0,FLOOR($D17/18,1),0)+IF(AND(MOD($D17,18)>=E$2,$D17>0),1,0)-IF(E$2-18>$D17,1,0) -> 1 | F16: =IF($D17>0,FLOOR($D17/18,1),0)+IF(AND(MOD($D17,18)>=F$2,$D17>0),1,0)-IF(F$2-18>$D17,1,0) -> 1 | G16: =IF($D17>0,FLOOR($D17/18,1),0)+IF(AND(MOD($D17,18)>=G$2,$D17>0),1,0)-IF(G$2-18>$D17,1,0) -> 0 | H16: =IF($D17>0,FLOOR($D17/18,1),0)+IF(AND(MOD($D17,18)>=H$2,$D17>0),1,0)-IF(H$2-18>$D17,1,0) -> 0 | I16: =IF($D17>0,FLOOR($D17/18,1),0)+IF(AND(MOD($D17,18)>=I$2,$D17>0),1,0)-IF(I$2-18>$D17,1,0) -> 1 | J16: =IF($D17>0,FLOOR($D17/18,1),0)+IF(AND(MOD($D17,18)>=J$2,$D17>0),1,0)-IF(J$2-18>$D17,1,0) -> 0 | K16: =IF($D17>0,FLOOR($D17/18,1),0)+IF(AND(MOD($D17,18)>=K$2,$D17>0),1,0)-IF(K$2-18>$D17,1,0) -> 0 | L16: =IF($D17>0,FLOOR($D17/18,1),0)+IF(AND(MOD($D17,18)>=L$2,$D17>0),1,0)-IF(L$2-18>$D17,1,0) -> 1 | M16: =IF($D17>0,FLOOR($D17/18,1),0)+IF(AND(MOD($D17,18)>=M$2,$D17>0),1,0)-IF(M$2-18>$D17,1,0) -> 0 | Q16: =IF($D17>0,FLOOR($D17/18,1),0)+IF(AND(MOD($D17,18)>=Q$2,$D17>0),1,0)-IF(Q$2-18>$D17,1,0) -> 0 | R16: =IF($D17>0,FLOOR($D17/18,1),0)+IF(AND(MOD($D17,18)>=R$2,$D17>0),1,0)-IF(R$2-18>$D17,1,0) -> 1 | S16: =IF($D17>0,FLOOR($D17/18,1),0)+IF(AND(MOD($D17,18)>=S$2,$D17>0),1,0)-IF(S$2-18>$D17,1,0) -> 0 | T16: =IF($D17>0,FLOOR($D17/18,1),0)+IF(AND(MOD($D17,18)>=T$2,$D17>0),1,0)-IF(T$2-18>$D17,1,0) -> 0 | U16: =IF($D17>0,FLOOR($D17/18,1),0)+IF(AND(MOD($D17,18)>=U$2,$D17>0),1,0)-IF(U$2-18>$D17,1,0) -> 0 | V16: =IF($D17>0,FLOOR($D17/18,1),0)+IF(AND(MOD($D17,18)>=V$2,$D17>0),1,0)-IF(V$2-18>$D17,1,0) -> 1 | W16: =IF($D17>0,FLOOR($D17/18,1),0)+IF(AND(MOD($D17,18)>=W$2,$D17>0),1,0)-IF(W$2-18>$D17,1,0) -> 1 | X16: =IF($D17>0,FLOOR($D17/18,1),0)+IF(AND(MOD($D17,18)>=X$2,$D17>0),1,0)-IF(X$2-18>$D17,1,0) -> 0 | Y16: =IF($D17>0,FLOOR($D17/18,1),0)+IF(AND(MOD($D17,18)>=Y$2,$D17>0),1,0)-IF(Y$2-18>$D17,1,0) -> 1
A17: ='Match Selection'!Y5 -> DK | B17: =vlookup(A17, 'Master Input'!$A$11:$B$27, 2, false) -> Irons | C17: =vlookup(A17,'Master Input'!$A$11:$L$27,'Master Input'!$F$28, false) -> 15 | D17: =C17-SMALL($C$8:$C$17,1) -> 8 | E17: 4 | F17: 5 | G17: 3 | H17: 5 | I17: 4 | J17: 4 | K17: 3 | L17: 6 | M17: 5 | N17: =if(M17="","", sum(E17:M17)) -> 39 | P17: =A17 -> DK | Q17: 6 | R17: 6 | S17: 7 | T17: 3 | U17: 5 | V17: 7 | W17: 6 | X17: 6 | Y17: 7 | Z17: =if(Y17="","", sum(Q17:Y17)) -> 53 | AA17: =if(Z17="", "", sum(N17,Z17)) -> 92 | AB17: =if(Y17="", "", AA17-C17) -> 77
N18: Front | AB18: Cup Pts
A19: =B8&" Status" -> Drivers Status | B19: Match - Front | E19: =if(E23="","",E23) -> -1 | F19: =if(F23="","",F23+E19) -> -1 | G19: =if(G23="","",G23+F19) -> -1 | H19: =if(H23="","",H23+G19) -> -1 | I19: =if(I23="","",I23+H19) -> -2 | J19: =if(J23="","",J23+I19) -> -2 | K19: =if(K23="","",K23+J19) -> -3 | L19: =if(L23="","",L23+K19) -> -4 | M19: =if(M23="","",M23+L19) -> -4 | N19: =if(M19="", "", if(M19<0, 0, if(M19>0, vlookup($B$2,'Master Input'!$O$12:$R$23,'Master Input'!P$11,false), vlookup($B$2,'Master Input'!$O$12:$R$23,'Master Input'!P$11,false)*0.5))) -> 0 | P19: Match - Overall | Q19: =if(Q23="","",Q23+M19) -> -3 | R19: =if(R23="","",R23+Q19) -> -3 | S19: =if(S23="","",S23+R19) -> -2 | T19: =if(T23="","",T23+S19) -> -2 | U19: =if(U23="","",U23+T19) -> -3 | V19: =if(V23="","",V23+U19) -> -4 | W19: =if(W23="","",W23+V19) -> -3 | X19: =if(X23="","",X23+W19) -> -4 | Y19: =if(Y23="","",Y23+X19) -> -4 | Z19: =if(Y19="", "", if(Y19<0, 0, if(Y19>0, vlookup($B$2,'Master Input'!$O$12:$R$23,'Master Input'!R$11,false), vlookup($B$2,'Master Input'!$O$12:$R$23,'Master Input'!R$11,false)*0.5))) -> 0 | AA19: Overall | AB19: =if(Z19="","", sum(N19,Z19,Z20)) -> 0.5
P20: Match - Back | Q20: =if(Q23="","",Q23) -> 1 | R20: =if(R23="","",R23+Q20) -> 1 | S20: =if(S23="","",S23+R20) -> 2 | T20: =if(T23="","",T23+S20) -> 2 | U20: =if(U23="","",U23+T20) -> 1 | V20: =if(V23="","",V23+U20) -> 0 | W20: =if(W23="","",W23+V20) -> 1 | X20: =if(X23="","",X23+W20) -> 0 | Y20: =if(Y23="","",Y23+X20) -> 0 | Z20: =if(Y20="", "", if(Y20<0, 0, if(Y20>0, vlookup($B$2,'Master Input'!$O$12:$R$23,'Master Input'!Q$11,false), vlookup($B$2,'Master Input'!$O$12:$R$23,'Master Input'!Q$11,false)*0.5))) -> 0.5 | AA20: Back | AB20: =if(AB19="","",vlookup($B$2,'Master Input'!$O$12:$R$23,2,false)+vlookup($B$2,'Master Input'!$O$12:$R$23,3,false)+vlookup($B$2,'Master Input'!$O$12:$R$23,4,false)-AB19) -> 3.5
B22: 1 | C22: 2 | D22: 3 | E22: 4 | F22: 5 | G22: 6 | H22: 7 | I22: 8 | J22: 9 | K22: 10 | L22: 11 | M22: 12 | N22: 13 | O22: 14 | P22: 15 | Q22: 16 | R22: 17 | S22: 18 | T22: 19 | U22: 20 | V22: 21 | W22: 22 | X22: 23 | Y22: 24 | Z22: Hole | AA22: Holes | AB22: Point
B23: Match | E23: =if(OR(E8="", E11="", E14="", E17=""), "", if(small({E8-E7,E11-E10},1)<small({E14-E13,E17-E16},1),1, if(small({E8-E7,E11-E10},1)>small({E14-E13,E17-E16},1),-1, 0))) -> -1 | F23: =if(OR(F8="", F11="", F14="", F17=""), "", if(small({F8-F7,F11-F10},1)<small({F14-F13,F17-F16},1),1, if(small({F8-F7,F11-F10},1)>small({F14-F13,F17-F16},1),-1, 0))) -> 0 | G23: =if(OR(G8="", G11="", G14="", G17=""), "", if(small({G8-G7,G11-G10},1)<small({G14-G13,G17-G16},1),1, if(small({G8-G7,G11-G10},1)>small({G14-G13,G17-G16},1),-1, 0))) -> 0 | H23: =if(OR(H8="", H11="", H14="", H17=""), "", if(small({H8-H7,H11-H10},1)<small({H14-H13,H17-H16},1),1, if(small({H8-H7,H11-H10},1)>small({H14-H13,H17-H16},1),-1, 0))) -> 0 | I23: =if(OR(I8="", I11="", I14="", I17=""), "", if(small({I8-I7,I11-I10},1)<small({I14-I13,I17-I16},1),1, if(small({I8-I7,I11-I10},1)>small({I14-I13,I17-I16},1),-1, 0))) -> -1 | J23: =if(OR(J8="", J11="", J14="", J17=""), "", if(small({J8-J7,J11-J10},1)<small({J14-J13,J17-J16},1),1, if(small({J8-J7,J11-J10},1)>small({J14-J13,J17-J16},1),-1, 0))) -> 0 | K23: =if(OR(K8="", K11="", K14="", K17=""), "", if(small({K8-K7,K11-K10},1)<small({K14-K13,K17-K16},1),1, if(small({K8-K7,K11-K10},1)>small({K14-K13,K17-K16},1),-1, 0))) -> -1 | L23: =if(OR(L8="", L11="", L14="", L17=""), "", if(small({L8-L7,L11-L10},1)<small({L14-L13,L17-L16},1),1, if(small({L8-L7,L11-L10},1)>small({L14-L13,L17-L16},1),-1, 0))) -> -1 | M23: =if(OR(M8="", M11="", M14="", M17=""), "", if(small({M8-M7,M11-M10},1)<small({M14-M13,M17-M16},1),1, if(small({M8-M7,M11-M10},1)>small({M14-M13,M17-M16},1),-1, 0))) -> 0 | Q23: =if(OR(Q8="", Q11="", Q14="", Q17=""), "", if(small({Q8-Q7,Q11-Q10},1)<small({Q14-Q13,Q17-Q16},1),1, if(small({Q8-Q7,Q11-Q10},1)>small({Q14-Q13,Q17-Q16},1),-1, 0))) -> 1 | R23: =if(OR(R8="", R11="", R14="", R17=""), "", if(small({R8-R7,R11-R10},1)<small({R14-R13,R17-R16},1),1, if(small({R8-R7,R11-R10},1)>small({R14-R13,R17-R16},1),-1, 0))) -> 0 | S23: =if(OR(S8="", S11="", S14="", S17=""), "", if(small({S8-S7,S11-S10},1)<small({S14-S13,S17-S16},1),1, if(small({S8-S7,S11-S10},1)>small({S14-S13,S17-S16},1),-1, 0))) -> 1 | T23: =if(OR(T8="", T11="", T14="", T17=""), "", if(small({T8-T7,T11-T10},1)<small({T14-T13,T17-T16},1),1, if(small({T8-T7,T11-T10},1)>small({T14-T13,T17-T16},1),-1, 0))) -> 0 | U23: =if(OR(U8="", U11="", U14="", U17=""), "", if(small({U8-U7,U11-U10},1)<small({U14-U13,U17-U16},1),1, if(small({U8-U7,U11-U10},1)>small({U14-U13,U17-U16},1),-1, 0))) -> -1 | V23: =if(OR(V8="", V11="", V14="", V17=""), "", if(small({V8-V7,V11-V10},1)<small({V14-V13,V17-V16},1),1, if(small({V8-V7,V11-V10},1)>small({V14-V13,V17-V16},1),-1, 0))) -> -1 | W23: =if(OR(W8="", W11="", W14="", W17=""), "", if(small({W8-W7,W11-W10},1)<small({W14-W13,W17-W16},1),1, if(small({W8-W7,W11-W10},1)>small({W14-W13,W17-W16},1),-1, 0))) -> 1 | X23: =if(OR(X8="", X11="", X14="", X17=""), "", if(small({X8-X7,X11-X10},1)<small({X14-X13,X17-X16},1),1, if(small({X8-X7,X11-X10},1)>small({X14-X13,X17-X16},1),-1, 0))) -> -1 | Y23: =if(OR(Y8="", Y11="", Y14="", Y17=""), "", if(small({Y8-Y7,Y11-Y10},1)<small({Y14-Y13,Y17-Y16},1),1, if(small({Y8-Y7,Y11-Y10},1)>small({Y14-Y13,Y17-Y16},1),-1, 0))) -> 0 | Z23: Contr | AA23: Won | AB23: Share
B24: =B8 -> Drivers | E24: =if(E23="","",(E23+1)/2) -> 0 | F24: =if(F23="","",(F23+1)/2) -> 0.5 | G24: =if(G23="","",(G23+1)/2) -> 0.5 | H24: =if(H23="","",(H23+1)/2) -> 0.5 | I24: =if(I23="","",(I23+1)/2) -> 0 | J24: =if(J23="","",(J23+1)/2) -> 0.5 | K24: =if(K23="","",(K23+1)/2) -> 0 | L24: =if(L23="","",(L23+1)/2) -> 0 | M24: =if(M23="","",(M23+1)/2) -> 0.5 | N24: =if(M23="","",sum(E24:M24)) -> 2.5 | Q24: =if(Q23="","",(Q23+1)/2) -> 1 | R24: =if(R23="","",(R23+1)/2) -> 0.5 | S24: =if(S23="","",(S23+1)/2) -> 1 | T24: =if(T23="","",(T23+1)/2) -> 0.5 | U24: =if(U23="","",(U23+1)/2) -> 0 | V24: =if(V23="","",(V23+1)/2) -> 0 | W24: =if(W23="","",(W23+1)/2) -> 1 | X24: =if(X23="","",(X23+1)/2) -> 0 | Y24: =if(Y23="","",(Y23+1)/2) -> 0.5 | Z24: =if(Y23="","",sum(Q24:Y24)) -> 4.5 | AA24: =if(Y23="","",sum(Z24,N24)) -> 7
A25: =A8 -> Telly | E25: =if(E23="","",if(E8-E7<E11-E10,1,if(E8-E7=E11-E10,0.5,0))) -> 0 | F25: =if(F23="","",if(F8-F7<F11-F10,1,if(F8-F7=F11-F10,0.5,0))) -> 1 | G25: =if(G23="","",if(G8-G7<G11-G10,1,if(G8-G7=G11-G10,0.5,0))) -> 0 | H25: =if(H23="","",if(H8-H7<H11-H10,1,if(H8-H7=H11-H10,0.5,0))) -> 1 | I25: =if(I23="","",if(I8-I7<I11-I10,1,if(I8-I7=I11-I10,0.5,0))) -> 0.5 | J25: =if(J23="","",if(J8-J7<J11-J10,1,if(J8-J7=J11-J10,0.5,0))) -> 1 | K25: =if(K23="","",if(K8-K7<K11-K10,1,if(K8-K7=K11-K10,0.5,0))) -> 0.5 | L25: =if(L23="","",if(L8-L7<L11-L10,1,if(L8-L7=L11-L10,0.5,0))) -> 0.5 | M25: =if(M23="","",if(M8-M7<M11-M10,1,if(M8-M7=M11-M10,0.5,0))) -> 0 | Q25: =if(Q23="","",if(Q8-Q7<Q11-Q10,1,if(Q8-Q7=Q11-Q10,0.5,0))) -> 1 | R25: =if(R23="","",if(R8-R7<R11-R10,1,if(R8-R7=R11-R10,0.5,0))) -> 1 | S25: =if(S23="","",if(S8-S7<S11-S10,1,if(S8-S7=S11-S10,0.5,0))) -> 0 | T25: =if(T23="","",if(T8-T7<T11-T10,1,if(T8-T7=T11-T10,0.5,0))) -> 0 | U25: =if(U23="","",if(U8-U7<U11-U10,1,if(U8-U7=U11-U10,0.5,0))) -> 1 | V25: =if(V23="","",if(V8-V7<V11-V10,1,if(V8-V7=V11-V10,0.5,0))) -> 1 | W25: =if(W23="","",if(W8-W7<W11-W10,1,if(W8-W7=W11-W10,0.5,0))) -> 1 | X25: =if(X23="","",if(X8-X7<X11-X10,1,if(X8-X7=X11-X10,0.5,0))) -> 0 | Y25: =if(Y23="","",if(Y8-Y7<Y11-Y10,1,if(Y8-Y7=Y11-Y10,0.5,0))) -> 0 | Z25: =if(Y25="","",sum(E25:M25,Q25:Y25)) -> 9.5 | AA25: =if(Y25="","",sumproduct({E25:M25,Q25:Y25},{$E$24:$M$24,$Q$24:$Y$24})) -> 4 | AB25: =if(Y25="","",if($N$24=0,0,((sumproduct(E25:M25,$E$24:$M$24)/$N$24)*$N$19)) +if($Z$24=0,0,((sumproduct(Q25:Y25,$Q$24:$Y$24)/$Z$24)*$Z$20)) +if($AA$24=0,0,((AA25/$AA$24)*$Z$19))) -> 0.27777778
A26: =A11 -> Hile | E26: =if(E23="","",if(E8-E7>E11-E10,1,if(E8-E7=E11-E10,0.5,0))) -> 1 | F26: =if(F23="","",if(F8-F7>F11-F10,1,if(F8-F7=F11-F10,0.5,0))) -> 0 | G26: =if(G23="","",if(G8-G7>G11-G10,1,if(G8-G7=G11-G10,0.5,0))) -> 1 | H26: =if(H23="","",if(H8-H7>H11-H10,1,if(H8-H7=H11-H10,0.5,0))) -> 0 | I26: =if(I23="","",if(I8-I7>I11-I10,1,if(I8-I7=I11-I10,0.5,0))) -> 0.5 | J26: =if(J23="","",if(J8-J7>J11-J10,1,if(J8-J7=J11-J10,0.5,0))) -> 0 | K26: =if(K23="","",if(K8-K7>K11-K10,1,if(K8-K7=K11-K10,0.5,0))) -> 0.5 | L26: =if(L23="","",if(L8-L7>L11-L10,1,if(L8-L7=L11-L10,0.5,0))) -> 0.5 | M26: =if(M23="","",if(M8-M7>M11-M10,1,if(M8-M7=M11-M10,0.5,0))) -> 1 | Q26: =if(Q23="","",if(Q8-Q7>Q11-Q10,1,if(Q8-Q7=Q11-Q10,0.5,0))) -> 0 | R26: =if(R23="","",if(R8-R7>R11-R10,1,if(R8-R7=R11-R10,0.5,0))) -> 0 | S26: =if(S23="","",if(S8-S7>S11-S10,1,if(S8-S7=S11-S10,0.5,0))) -> 1 | T26: =if(T23="","",if(T8-T7>T11-T10,1,if(T8-T7=T11-T10,0.5,0))) -> 1 | U26: =if(U23="","",if(U8-U7>U11-U10,1,if(U8-U7=U11-U10,0.5,0))) -> 0 | V26: =if(V23="","",if(V8-V7>V11-V10,1,if(V8-V7=V11-V10,0.5,0))) -> 0 | W26: =if(W23="","",if(W8-W7>W11-W10,1,if(W8-W7=W11-W10,0.5,0))) -> 0 | X26: =if(X23="","",if(X8-X7>X11-X10,1,if(X8-X7=X11-X10,0.5,0))) -> 1 | Y26: =if(Y23="","",if(Y8-Y7>Y11-Y10,1,if(Y8-Y7=Y11-Y10,0.5,0))) -> 1 | Z26: =if(Y26="","",sum(E26:M26,Q26:Y26)) -> 8.5 | AA26: =if(Y26="","",sumproduct({E26:M26,Q26:Y26},{$E$24:$M$24,$Q$24:$Y$24})) -> 3 | AB26: =if(Y26="","",if($N$24=0,0,((sumproduct(E26:M26,$E$24:$M$24)/$N$24)*$N$19)) +if($Z$24=0,0,((sumproduct(Q26:Y26,$Q$24:$Y$24)/$Z$24)*$Z$20)) +if($AA$24=0,0,((AA26/$AA$24)*$Z$19))) -> 0.22222222
B27: =B14 -> Irons | E27: =if(E23="","",(1-E23)/2) -> 1 | F27: =if(F23="","",(1-F23)/2) -> 0.5 | G27: =if(G23="","",(1-G23)/2) -> 0.5 | H27: =if(H23="","",(1-H23)/2) -> 0.5 | I27: =if(I23="","",(1-I23)/2) -> 1 | J27: =if(J23="","",(1-J23)/2) -> 0.5 | K27: =if(K23="","",(1-K23)/2) -> 1 | L27: =if(L23="","",(1-L23)/2) -> 1 | M27: =if(M23="","",(1-M23)/2) -> 0.5 | N27: =if(M26="","",sum(E27:M27)) -> 6.5 | Q27: =if(Q23="","",(1-Q23)/2) -> 0 | R27: =if(R23="","",(1-R23)/2) -> 0.5 | S27: =if(S23="","",(1-S23)/2) -> 0 | T27: =if(T23="","",(1-T23)/2) -> 0.5 | U27: =if(U23="","",(1-U23)/2) -> 1 | V27: =if(V23="","",(1-V23)/2) -> 1 | W27: =if(W23="","",(1-W23)/2) -> 0 | X27: =if(X23="","",(1-X23)/2) -> 1 | Y27: =if(Y23="","",(1-Y23)/2) -> 0.5 | Z27: =if(Y26="","",sum(Q27:Y27)) -> 4.5 | AA27: =if(Y26="","",sum(Z27,N27)) -> 11
A28: =A14 -> Jensen | E28: =if(E23="","",if(E17-E16>E14-E13,1,if(E17-E16=E14-E13,0.5,0))) -> 0.5 | F28: =if(F23="","",if(F17-F16>F14-F13,1,if(F17-F16=F14-F13,0.5,0))) -> 0.5 | G28: =if(G23="","",if(G17-G16>G14-G13,1,if(G17-G16=G14-G13,0.5,0))) -> 0 | H28: =if(H23="","",if(H17-H16>H14-H13,1,if(H17-H16=H14-H13,0.5,0))) -> 0 | I28: =if(I23="","",if(I17-I16>I14-I13,1,if(I17-I16=I14-I13,0.5,0))) -> 0.5 | J28: =if(J23="","",if(J17-J16>J14-J13,1,if(J17-J16=J14-J13,0.5,0))) -> 0 | K28: =if(K23="","",if(K17-K16>K14-K13,1,if(K17-K16=K14-K13,0.5,0))) -> 0 | L28: =if(L23="","",if(L17-L16>L14-L13,1,if(L17-L16=L14-L13,0.5,0))) -> 1 | M28: =if(M23="","",if(M17-M16>M14-M13,1,if(M17-M16=M14-M13,0.5,0))) -> 0 | Q28: =if(Q23="","",if(Q17-Q16>Q14-Q13,1,if(Q17-Q16=Q14-Q13,0.5,0))) -> 1 | R28: =if(R23="","",if(R17-R16>R14-R13,1,if(R17-R16=R14-R13,0.5,0))) -> 0 | S28: =if(S23="","",if(S17-S16>S14-S13,1,if(S17-S16=S14-S13,0.5,0))) -> 1 | T28: =if(T23="","",if(T17-T16>T14-T13,1,if(T17-T16=T14-T13,0.5,0))) -> 0.5 | U28: =if(U23="","",if(U17-U16>U14-U13,1,if(U17-U16=U14-U13,0.5,0))) -> 0 | V28: =if(V23="","",if(V17-V16>V14-V13,1,if(V17-V16=V14-V13,0.5,0))) -> 1 | W28: =if(W23="","",if(W17-W16>W14-W13,1,if(W17-W16=W14-W13,0.5,0))) -> 0 | X28: =if(X23="","",if(X17-X16>X14-X13,1,if(X17-X16=X14-X13,0.5,0))) -> 1 | Y28: =if(Y23="","",if(Y17-Y16>Y14-Y13,1,if(Y17-Y16=Y14-Y13,0.5,0))) -> 1 | Z28: =if(Y28="","",sum(E28:M28,Q28:Y28)) -> 8 | AA28: =if(Y28="","",sumproduct({E28:M28,Q28:Y28},{$E$27:$M$27,$Q$27:$Y$27})) -> 5 | AB28: =if(Y28="","",if($N$27=0,0,((sumproduct(E28:M28,$E$27:$M$27)/$N$27)*(vlookup($B$2,'Master Input'!$O$12:$R$23,'Master Input'!P$11,false)-$N$19))) +if($Z$27=0,0,((sumproduct(Q28:Y28,$Q$27:$Y$27)/$Z$27)*(vlookup($B$2,'Master Input'!$O$12:$R$23,'Master Input'!Q$11,false)-$Z$20))) +if($AA$27=0,0,((AA28/$AA$27)*(vlookup($B$2,'Master Input'!$O$12:$R$23,'Master Input'!R$11,false)-$Z$19)))) -> 1.5608003
